Datum,BundeslandID,Bevölkerung,Name,Auslieferungen,AuslieferungenPro100,Bestellungen,BestellungenPro100
2022-08-16T23:59:59+02:00,5,564293,Salzburg,1237122,219.233979510644,1238004,219.39028129003898
2022-08-15T23:59:59+02:00,5,564293,Salzburg,1236612,219.14360093072202,1237284,219.262688000737
2022-08-14T23:59:59+02:00,5,564293,Salzburg,1236612,219.14360093072202,1237284,219.262688000737
2022-08-13T23:59:59+02:00,5,564293,Salzburg,1236612,219.14360093072202,1237284,219.262688000737
2022-08-12T23:59:59+02:00,5,564293,Salzburg,1236612,219.14360093072202,1237266,219.259498168505
2022-08-11T23:59:59+02:00,5,564293,Salzburg,1234296,218.733175850135,1237224,219.25205522662898
2022-08-10T23:59:59+02:00,5,564293,Salzburg,1234296,218.733175850135,1237224,219.25205522662898
2022-08-09T23:59:59+02:00,5,564293,Salzburg,1234296,218.733175850135,1237242,219.25524505886102
2022-08-08T23:59:59+02:00,5,564293,Salzburg,1234296,218.733175850135,1234296,218.733175850135
2022-08-07T23:59:59+02:00,5,564293,Salzburg,1233128,218.526191180823,1234296,218.733175850135
2022-08-06T23:59:59+02:00,5,564293,Salzburg,1233128,218.526191180823,1234296,218.733175850135
2022-08-05T23:59:59+02:00,5,564293,Salzburg,1232234,218.36776284660598,1234296,218.733175850135
2022-08-04T23:59:59+02:00,5,564293,Salzburg,1231214,218.187005686762,1234296,218.733175850135
2022-08-03T23:59:59+02:00,5,564293,Salzburg,1231214,218.187005686762,1234166,218.7101381729
2022-08-02T23:59:59+02:00,5,564293,Salzburg,1231214,218.187005686762,1231334,218.20827123497898
2022-08-01T23:59:59+02:00,5,564293,Salzburg,1231214,218.187005686762,1231334,218.20827123497898
2022-07-31T23:59:59+02:00,5,564293,Salzburg,1229808,217.93784434682,1231334,218.20827123497898
2022-07-30T23:59:59+02:00,5,564293,Salzburg,1229808,217.93784434682,1231334,218.20827123497898
2022-07-29T23:59:59+02:00,5,564293,Salzburg,1228308,217.672024994108,1231334,218.20827123497898
2022-07-28T23:59:59+02:00,5,564293,Salzburg,1228290,217.668835161875,1231334,218.20827123497898
2022-07-27T23:59:59+02:00,5,564293,Salzburg,1183406,209.71481127712,1230426,218.04736192013698
2022-07-26T23:59:59+02:00,5,564293,Salzburg,1183328,209.700988670779,1228338,217.677341381162
2022-07-25T23:59:59+02:00,5,564293,Salzburg,1183328,209.700988670779,1228320,217.674151548929
2022-07-24T23:59:59+02:00,5,564293,Salzburg,1182212,209.503219072361,1183466,209.72544405122898
2022-07-23T23:59:59+02:00,5,564293,Salzburg,1182212,209.503219072361,1183466,209.72544405122898
2022-07-22T23:59:59+02:00,5,564293,Salzburg,1180432,209.18778010714297,1183466,209.72544405122898
2022-07-21T23:59:59+02:00,5,564293,Salzburg,1179304,208.987883953903,1183436,209.72012766417402
2022-07-20T23:59:59+02:00,5,564293,Salzburg,1179256,208.979377734617,1183436,209.72012766417402
2022-07-19T23:59:59+02:00,5,564293,Salzburg,1179256,208.979377734617,1179364,208.99851672801202
2022-07-18T23:59:59+02:00,5,564293,Salzburg,1179190,208.967681683097,1179364,208.99851672801202
2022-07-17T23:59:59+02:00,5,564293,Salzburg,1178302,208.810316626292,1179346,208.995326895779
2022-07-16T23:59:59+02:00,5,564293,Salzburg,1178302,208.810316626292,1179346,208.995326895779
2022-07-15T23:59:59+02:00,5,564293,Salzburg,1177240,208.622116524571,1179346,208.995326895779
2022-07-14T23:59:59+02:00,5,564293,Salzburg,1175406,208.29710806265498,1179346,208.995326895779
2022-07-13T23:59:59+02:00,5,564293,Salzburg,1175346,208.286475288547,1179298,208.98682067649298
2022-07-12T23:59:59+02:00,5,564293,Salzburg,1175310,208.28009562408198,1176106,208.421157093921
2022-07-11T23:59:59+02:00,5,564293,Salzburg,1175226,208.26520974033002,1175406,208.29710806265498
2022-07-10T23:59:59+02:00,5,564293,Salzburg,1173350,207.932758336538,1175406,208.29710806265498
2022-07-09T23:59:59+02:00,5,564293,Salzburg,1173350,207.932758336538,1175406,208.29710806265498
2022-07-08T23:59:59+02:00,5,564293,Salzburg,1172348,207.755191008926,1175406,208.29710806265498
2022-07-07T23:59:59+02:00,5,564293,Salzburg,1171044,207.52410538496798,1175358,208.28860184336898
2022-07-06T23:59:59+02:00,5,564293,Salzburg,1170970,207.510991630235,1173338,207.93063178171602
2022-07-05T23:59:59+02:00,5,564293,Salzburg,1170970,207.510991630235,1171154,207.54359880416698
2022-07-04T23:59:59+02:00,5,564293,Salzburg,1170874,207.493979191661,1171044,207.52410538496798
2022-07-03T23:59:59+02:00,5,564293,Salzburg,1169518,207.25367849680902,1170970,207.510991630235
2022-07-02T23:59:59+02:00,5,564293,Salzburg,1169518,207.25367849680902,1170970,207.510991630235
2022-07-01T23:59:59+02:00,5,564293,Salzburg,1168230,207.02542827928002,1170970,207.510991630235
2022-06-30T23:59:59+02:00,5,564293,Salzburg,1167522,206.8999615448,1170970,207.510991630235
2022-06-29T23:59:59+02:00,5,564293,Salzburg,1167516,206.898898267389,1170370,207.40466388915002
2022-06-28T23:59:59+02:00,5,564293,Salzburg,1167498,206.89570843515702,1167522,206.8999615448
2022-06-27T23:59:59+02:00,5,564293,Salzburg,1167498,206.89570843515702,1167522,206.8999615448
2022-06-26T23:59:59+02:00,5,564293,Salzburg,1166274,206.678799843344,1167516,206.898898267389
2022-06-25T23:59:59+02:00,5,564293,Salzburg,1166274,206.678799843344,1167516,206.898898267389
2022-06-24T23:59:59+02:00,5,564293,Salzburg,1165252,206.497688257696,1167516,206.898898267389
2022-06-23T23:59:59+02:00,5,564293,Salzburg,1133560,200.88145697359298,1167396,206.87763271917302
2022-06-22T23:59:59+02:00,5,564293,Salzburg,1133560,200.88145697359298,1166760,206.764925313623
2022-06-21T23:59:59+02:00,5,564293,Salzburg,1133560,200.88145697359298,1165252,206.497688257696
2022-06-20T23:59:59+02:00,5,564293,Salzburg,1133530,200.876140586539,1133560,200.88145697359298
2022-06-19T23:59:59+02:00,5,564293,Salzburg,1133010,200.783989877599,1133560,200.88145697359298
2022-06-18T23:59:59+02:00,5,564293,Salzburg,1133010,200.783989877599,1133560,200.88145697359298
2022-06-17T23:59:59+02:00,5,564293,Salzburg,1132470,200.68829491062303,1133560,200.88145697359298
2022-06-16T23:59:59+02:00,5,564293,Salzburg,1132470,200.68829491062303,1133544,200.878621567165
2022-06-15T23:59:59+02:00,5,564293,Salzburg,1132470,200.68829491062303,1133544,200.878621567165
2022-06-14T23:59:59+02:00,5,564293,Salzburg,1132350,200.667029362406,1132044,200.61280221445202
2022-06-13T23:59:59+02:00,5,564293,Salzburg,1132248,200.648953646421,1132044,200.61280221445202
2022-06-12T23:59:59+02:00,5,564293,Salzburg,1131876,200.583030446949,1132044,200.61280221445202
2022-06-11T23:59:59+02:00,5,564293,Salzburg,1131876,200.583030446949,1132044,200.61280221445202
2022-06-10T23:59:59+02:00,5,564293,Salzburg,1130716,200.377463480851,1132044,200.61280221445202
2022-06-09T23:59:59+02:00,5,564293,Salzburg,1130542,200.346628435937,1132044,200.61280221445202
2022-06-08T23:59:59+02:00,5,564293,Salzburg,1130542,200.346628435937,1132044,200.61280221445202
2022-06-07T23:59:59+02:00,5,564293,Salzburg,1130464,200.332805829596,1130134,200.27432557199901
2022-06-06T23:59:59+02:00,5,564293,Salzburg,1130046,200.25873083663998,1130134,200.27432557199901
2022-06-05T23:59:59+02:00,5,564293,Salzburg,1130046,200.25873083663998,1130134,200.27432557199901
2022-06-04T23:59:59+02:00,5,564293,Salzburg,1130046,200.25873083663998,1130134,200.27432557199901
2022-06-03T23:59:59+02:00,5,564293,Salzburg,1129542,200.169415534129,1130134,200.27432557199901
2022-06-02T23:59:59+02:00,5,564293,Salzburg,1129278,200.122631328051,1130134,200.27432557199901
2022-06-01T23:59:59+02:00,5,564293,Salzburg,1128658,200.01275932893,1130008,200.251996746371
2022-05-31T23:59:59+02:00,5,564293,Salzburg,1128640,200.009569496698,1128852,200.04713863188098
2022-05-30T23:59:59+02:00,5,564293,Salzburg,1128592,200.001063277411,1128852,200.04713863188098
2022-05-29T23:59:59+02:00,5,564293,Salzburg,1128132,199.919545342579,1128232,199.93726663276001
2022-05-28T23:59:59+02:00,5,564293,Salzburg,1128132,199.919545342579,1128232,199.93726663276001
2022-05-27T23:59:59+02:00,5,564293,Salzburg,1127160,199.74729440202202,1128232,199.93726663276001
2022-05-26T23:59:59+02:00,5,564293,Salzburg,1127140,199.74375014398498,1128120,199.917418787757
2022-05-25T23:59:59+02:00,5,564293,Salzburg,1127140,199.74375014398498,1128120,199.917418787757
2022-05-24T23:59:59+02:00,5,564293,Salzburg,1127140,199.74375014398498,1126734,199.67180170585098
2022-05-23T23:59:59+02:00,5,564293,Salzburg,1127122,199.740560311753,1126734,199.67180170585098
2022-05-22T23:59:59+02:00,5,564293,Salzburg,1126816,199.68633316380001,1126714,199.66825744781502
2022-05-21T23:59:59+02:00,5,564293,Salzburg,1126816,199.68633316380001,1126714,199.66825744781502
2022-05-20T23:59:59+02:00,5,564293,Salzburg,1126084,199.55661331967602,1126714,199.66825744781502
2022-05-19T23:59:59+02:00,5,564293,Salzburg,1124848,199.337578173041,1126714,199.66825744781502
2022-05-18T23:59:59+02:00,5,564293,Salzburg,1124674,199.30674312812698,1126971,199.71380116358003
2022-05-17T23:59:59+02:00,5,564293,Salzburg,1124656,199.303553295894,1125357,199.42777954006198
2022-05-16T23:59:59+02:00,5,564293,Salzburg,1124230,199.22806059972402,1124667,199.305502637814
2022-05-15T23:59:59+02:00,5,564293,Salzburg,1123708,199.13555546498,1125347,199.426007411044
2022-05-14T23:59:59+02:00,5,564293,Salzburg,1123708,199.13555546498,1125347,199.426007411044
2022-05-13T23:59:59+02:00,5,564293,Salzburg,1122706,198.957988137368,1125347,199.426007411044
2022-05-12T23:59:59+02:00,5,564293,Salzburg,1122094,198.84953384146198,1125347,199.426007411044
2022-05-11T23:59:59+02:00,5,564293,Salzburg,1121434,198.732573326268,1125347,199.426007411044
2022-05-10T23:59:59+02:00,5,564293,Salzburg,1121398,198.72619366180302,1122569,198.93370996982102
2022-05-09T23:59:59+02:00,5,564293,Salzburg,1121398,198.72619366180302,1122569,198.93370996982102
2022-05-08T23:59:59+02:00,5,564293,Salzburg,1120492,198.565638772765,1122509,198.923077195712
2022-05-07T23:59:59+02:00,5,564293,Salzburg,1120492,198.565638772765,1122509,198.923077195712
2022-05-06T23:59:59+02:00,5,564293,Salzburg,1119622,198.411463548192,1122509,198.923077195712
2022-05-05T23:59:59+02:00,5,564293,Salzburg,1119122,198.32285709728802,1122179,198.864596938115
2022-05-04T23:59:59+02:00,5,564293,Salzburg,1118754,198.25764274942298,1122101,198.85077433177398
2022-05-03T23:59:59+02:00,5,564293,Salzburg,1118706,198.24913653013598,1120197,198.513360966732
2022-05-02T23:59:59+02:00,5,564293,Salzburg,1118664,198.24169358826,1120197,198.513360966732
2022-05-01T23:59:59+02:00,5,564293,Salzburg,1118004,198.124733073067,1119847,198.45133645109902
2022-04-30T23:59:59+02:00,5,564293,Salzburg,1118004,198.124733073067,1119847,198.45133645109902
2022-04-29T23:59:59+02:00,5,564293,Salzburg,1087488,192.71690416149102,1119847,198.45133645109902
2022-04-28T23:59:59+02:00,5,564293,Salzburg,1086556,192.55174173700502,1119787,198.44070367698998
2022-04-27T23:59:59+02:00,5,564293,Salzburg,1086556,192.55174173700502,1119079,198.31523694250998
2022-04-26T23:59:59+02:00,5,564293,Salzburg,1086538,192.54855190477298,1087981,192.804270122082
2022-04-25T23:59:59+02:00,5,564293,Salzburg,1086508,192.543235517719,1087631,192.74224560644902
2022-04-24T23:59:59+02:00,5,564293,Salzburg,1085470,192.359288525642,1087631,192.74224560644902
2022-04-23T23:59:59+02:00,5,564293,Salzburg,1085470,192.359288525642,1087631,192.74224560644902
2022-04-22T23:59:59+02:00,5,564293,Salzburg,1084972,192.271036500541,1087631,192.74224560644902
2022-04-21T23:59:59+02:00,5,564293,Salzburg,1084232,192.13989895320302,1126163,199.570613138919
2022-04-20T23:59:59+02:00,5,564293,Salzburg,1084232,192.13989895320302,1126163,199.570613138919
2022-04-19T23:59:59+02:00,5,564293,Salzburg,1084178,192.13032945650602,1124309,199.24206041896701
2022-04-18T23:59:59+02:00,5,564293,Salzburg,1083656,192.037824321762,1124229,199.22788338682201
2022-04-17T23:59:59+02:00,5,564293,Salzburg,1083656,192.037824321762,1124229,199.22788338682201
2022-04-16T23:59:59+02:00,5,564293,Salzburg,1083656,192.037824321762,1124229,199.22788338682201
2022-04-15T23:59:59+02:00,5,564293,Salzburg,1082908,191.905269071209,1124229,199.22788338682201
2022-04-14T23:59:59+02:00,5,564293,Salzburg,1082692,191.86699108441897,1124199,199.222566999768
2022-04-13T23:59:59+02:00,5,564293,Salzburg,1082634,191.85671273611402,1123935,199.17578279369098
2022-04-12T23:59:59+02:00,5,564293,Salzburg,1082634,191.85671273611402,1122671,198.95178568580502
2022-04-11T23:59:59+02:00,5,564293,Salzburg,1082610,191.852459626471,1122681,198.953557814823
2022-04-10T23:59:59+02:00,5,564293,Salzburg,1082286,191.79504264628503,1122631,198.94469716973302
2022-04-09T23:59:59+02:00,5,564293,Salzburg,1082286,191.79504264628503,1122631,198.94469716973302
2022-04-08T23:59:59+02:00,5,564293,Salzburg,1081764,191.70253751154098,1122631,198.94469716973302
2022-04-07T23:59:59+02:00,5,564293,Salzburg,1065656,188.847992089216,1122613,198.9415073375
2022-04-06T23:59:59+02:00,5,564293,Salzburg,1065644,188.845865534394,1122337,198.892596576601
2022-04-05T23:59:59+02:00,5,564293,Salzburg,1065626,188.842675702162,1121545,198.75224395836898
2022-04-04T23:59:59+02:00,5,564293,Salzburg,1065626,188.842675702162,1105635,195.932786690602
2022-04-03T23:59:59+02:00,5,564293,Salzburg,1064742,188.686019496963,1105635,195.932786690602
2022-04-02T23:59:59+02:00,5,564293,Salzburg,1064742,188.686019496963,1105635,195.932786690602
2022-04-01T23:59:59+02:00,5,564293,Salzburg,1063930,188.542122620695,1105635,195.932786690602
2022-03-31T23:59:59+02:00,5,564293,Salzburg,1063432,188.45387059559502,1105435,195.89734411024102
2022-03-30T23:59:59+02:00,5,564293,Salzburg,1063432,188.45387059559502,1104739,195.774003930582
2022-03-29T23:59:59+02:00,5,564293,Salzburg,1063414,188.45068076336202,1103573,195.56737368707402
2022-03-28T23:59:59+02:00,5,564293,Salzburg,1063414,188.45068076336202,1103411,195.53866519698101
2022-03-27T23:59:59+02:00,5,564293,Salzburg,1063168,188.407086389518,1103411,195.53866519698101
2022-03-26T23:59:59+01:00,5,564293,Salzburg,1063168,188.407086389518,1103411,195.53866519698101
2022-03-25T23:59:59+01:00,5,564293,Salzburg,1062626,188.311036996737,1103411,195.53866519698101
2022-03-24T23:59:59+01:00,5,564293,Salzburg,1062266,188.24724035208698,1103321,195.52271603581798
2022-03-23T23:59:59+01:00,5,564293,Salzburg,1062266,188.24724035208698,1103147,195.491880990904
2022-03-22T23:59:59+01:00,5,564293,Salzburg,1062068,188.21215219752898,1102287,195.339477895349
2022-03-21T23:59:59+01:00,5,564293,Salzburg,1061990,188.198329591188,1102245,195.33203495347303
2022-03-20T23:59:59+01:00,5,564293,Salzburg,1061708,188.148355552878,1102245,195.33203495347303
2022-03-19T23:59:59+01:00,5,564293,Salzburg,1061708,188.148355552878,1102245,195.33203495347303
2022-03-18T23:59:59+01:00,5,564293,Salzburg,1061330,188.081369075994,1102245,195.33203495347303
2022-03-17T23:59:59+01:00,5,564293,Salzburg,1023572,181.390164329524,1102185,195.32140217936401
2022-03-16T23:59:59+01:00,5,564293,Salzburg,1023572,181.390164329524,1062945,188.36756791241402
2022-03-15T23:59:59+01:00,5,564293,Salzburg,1023572,181.390164329524,1062009,188.20169663632197
2022-03-14T23:59:59+01:00,5,564293,Salzburg,1023530,181.38272138764802,1024647,181.580668198968
2022-03-13T23:59:59+01:00,5,564293,Salzburg,1023158,181.316798188175,1024647,181.580668198968
2022-03-12T23:59:59+01:00,5,564293,Salzburg,1023158,181.316798188175,1024647,181.580668198968
2022-03-11T23:59:59+01:00,5,564293,Salzburg,1022588,181.215786834145,1024647,181.580668198968
2022-03-10T23:59:59+01:00,5,564293,Salzburg,1022186,181.144547247618,1024617,181.57535181191298
2022-03-09T23:59:59+01:00,5,564293,Salzburg,1022090,181.127534809044,1024233,181.50730205761903
2022-03-08T23:59:59+01:00,5,564293,Salzburg,1022090,181.127534809044,1023291,181.340367504116
2022-03-07T23:59:59+01:00,5,564293,Salzburg,1022090,181.127534809044,1023261,181.335051117062
2022-03-06T23:59:59+01:00,5,564293,Salzburg,1021796,181.07543421591302,1023255,181.333987839651
2022-03-05T23:59:59+01:00,5,564293,Salzburg,1021796,181.07543421591302,1023255,181.333987839651
2022-03-04T23:59:59+01:00,5,564293,Salzburg,1021496,181.02227034536998,1023255,181.333987839651
2022-03-03T23:59:59+01:00,5,564293,Salzburg,1021124,180.956347145898,1023255,181.333987839651
2022-03-02T23:59:59+01:00,5,564293,Salzburg,1021106,180.953157313665,1022841,181.260621698302
2022-03-01T23:59:59+01:00,5,564293,Salzburg,1020238,180.799336514896,1022199,181.14685101534099
2022-02-28T23:59:59+01:00,5,564293,Salzburg,1020220,180.796146682663,1022199,181.14685101534099
2022-02-27T23:59:59+01:00,5,564293,Salzburg,1019968,180.751489031407,1022199,181.14685101534099
2022-02-26T23:59:59+01:00,5,564293,Salzburg,1019968,180.751489031407,1022199,181.14685101534099
2022-02-25T23:59:59+01:00,5,564293,Salzburg,1019566,180.68024944488099,1022199,181.14685101534099
2022-02-24T23:59:59+01:00,5,564293,Salzburg,1018978,180.576048258617,1021307,180.98877710692798
2022-02-23T23:59:59+01:00,5,564293,Salzburg,1018960,180.572858426385,1021043,180.94199290085098
2022-02-22T23:59:59+01:00,5,564293,Salzburg,1018960,180.572858426385,1020053,180.766552128061
2022-02-21T23:59:59+01:00,5,564293,Salzburg,1018960,180.572858426385,1020053,180.766552128061
2022-02-20T23:59:59+01:00,5,564293,Salzburg,1018666,180.520757833253,1020053,180.766552128061
2022-02-19T23:59:59+01:00,5,564293,Salzburg,1018666,180.520757833253,1020053,180.766552128061
2022-02-18T23:59:59+01:00,5,564293,Salzburg,1018186,180.435695640385,1020053,180.766552128061
2022-02-17T23:59:59+01:00,5,564293,Salzburg,1017988,180.40060748582698,1020035,180.763362295829
2022-02-16T23:59:59+01:00,5,564293,Salzburg,1017868,180.37934193761,1019741,180.711261702697
2022-02-15T23:59:59+01:00,5,564293,Salzburg,1017850,180.376152105378,1019063,180.59111135527098
2022-02-14T23:59:59+01:00,5,564293,Salzburg,1017850,180.376152105378,1019063,180.59111135527098
2022-02-13T23:59:59+01:00,5,564293,Salzburg,1015346,179.93241099924998,1018113,180.422759098553
2022-02-12T23:59:59+01:00,5,564293,Salzburg,1015346,179.93241099924998,1018113,180.422759098553
2022-02-11T23:59:59+01:00,5,564293,Salzburg,1013894,179.675097865825,1018113,180.422759098553
2022-02-10T23:59:59+01:00,5,564293,Salzburg,1012794,179.480163673836,1015933,180.036434972612
2022-02-09T23:59:59+01:00,5,564293,Salzburg,1009794,178.94852496841202,1015891,180.02899203073602
2022-02-08T23:59:59+01:00,5,564293,Salzburg,1009776,178.945335136179,1013239,179.55902341514098
2022-02-07T23:59:59+01:00,5,564293,Salzburg,1009740,178.93895547171397,1013039,179.523580834779
2022-02-06T23:59:59+01:00,5,564293,Salzburg,1005880,178.25491367073502,1010177,179.016397509804
2022-02-05T23:59:59+01:00,5,564293,Salzburg,1005880,178.25491367073502,1010177,179.016397509804
2022-02-04T23:59:59+01:00,5,564293,Salzburg,1004258,177.967474344002,1010177,179.016397509804
2022-02-03T23:59:59+01:00,5,564293,Salzburg,1003414,177.817906654876,1008179,178.662326131992
2022-02-02T23:59:59+01:00,5,564293,Salzburg,1002574,177.66904781735698,1006125,178.29833083167802
2022-02-01T23:59:59+01:00,5,564293,Salzburg,1002574,177.66904781735698,1003779,177.882589364036
2022-01-31T23:59:59+01:00,5,564293,Salzburg,1002284,177.61765607583303,1003779,177.882589364036
2022-01-30T23:59:59+01:00,5,564293,Salzburg,997402,176.752502689206,1002939,177.73373052651698
2022-01-29T23:59:59+01:00,5,564293,Salzburg,997402,176.752502689206,1002939,177.73373052651698
2022-01-28T23:59:59+01:00,5,564293,Salzburg,995878,176.48243022685003,1002939,177.73373052651698
2022-01-27T23:59:59+01:00,5,564293,Salzburg,994888,176.30698945406002,1001429,177.46613904478698
2022-01-26T23:59:59+01:00,5,564293,Salzburg,994518,176.241420680391,997647,176.795919850149
2022-01-25T23:59:59+01:00,5,564293,Salzburg,994500,176.238230848159,995151,176.353596447236
2022-01-24T23:59:59+01:00,5,564293,Salzburg,994320,176.206332525833,995421,176.40144393072399
2022-01-23T23:59:59+01:00,5,564293,Salzburg,989670,175.382292532426,994881,176.30574896374802
2022-01-22T23:59:59+01:00,5,564293,Salzburg,989670,175.382292532426,994881,176.30574896374802
2022-01-21T23:59:59+01:00,5,564293,Salzburg,987606,175.01652510309398,994881,176.30574896374802
2022-01-20T23:59:59+01:00,5,564293,Salzburg,985776,174.69222549278498,992161,175.82372987083
2022-01-19T23:59:59+01:00,5,564293,Salzburg,985746,174.68690910573102,990155,175.46824078980202
2022-01-18T23:59:59+01:00,5,564293,Salzburg,985662,174.67202322197898,986261,174.778173750162
2022-01-17T23:59:59+01:00,5,564293,Salzburg,985536,174.649694396351,986021,174.73564265372798
2022-01-16T23:59:59+01:00,5,564293,Salzburg,979406,173.56337930826697,985991,174.730326266674
2022-01-15T23:59:59+01:00,5,564293,Salzburg,979406,173.56337930826697,985991,174.730326266674
2022-01-14T23:59:59+01:00,5,564293,Salzburg,975622,172.89280568782502,985991,174.730326266674
2022-01-13T23:59:59+01:00,5,564293,Salzburg,971662,172.191042596665,982991,174.19868756124902
2022-01-12T23:59:59+01:00,5,564293,Salzburg,967804,171.50735522148997,979651,173.60679646921002
2022-01-11T23:59:59+01:00,5,564293,Salzburg,967804,171.50735522148997,973931,172.593138670868
2022-01-10T23:59:59+01:00,5,564293,Salzburg,967406,171.43682448657,971907,172.234459757608
2022-01-09T23:59:59+01:00,5,564293,Salzburg,962532,170.573088803157,968127,171.564594988774
2022-01-08T23:59:59+01:00,5,564293,Salzburg,962532,170.573088803157,968127,171.564594988774
2022-01-07T23:59:59+01:00,5,564293,Salzburg,958116,169.790516628773,968007,171.54332944055702
2022-01-06T23:59:59+01:00,5,564293,Salzburg,954744,169.192954723876,967287,171.415736151255
2022-01-05T23:59:59+01:00,5,564293,Salzburg,954744,169.192954723876,967287,171.415736151255
2022-01-04T23:59:59+01:00,5,564293,Salzburg,954744,169.192954723876,955857,169.390192683588
2022-01-03T23:59:59+01:00,5,564293,Salzburg,954588,169.165309511194,955193,169.272523316788
2022-01-02T23:59:59+01:00,5,564293,Salzburg,946432,167.719961084047,955193,169.272523316788
2022-01-01T23:59:59+01:00,5,564293,Salzburg,946432,167.719961084047,955193,169.272523316788
2021-12-31T23:59:59+01:00,5,564293,Salzburg,946432,167.719961084047,955193,169.272523316788
2021-12-30T23:59:59+01:00,5,564293,Salzburg,946432,167.719961084047,955193,169.272523316788
2021-12-29T23:59:59+01:00,5,564293,Salzburg,945832,167.613633342962,954993,169.23708073642598
2021-12-28T23:59:59+01:00,5,564293,Salzburg,945796,167.60725367849702,948004,167.998539765689
2021-12-27T23:59:59+01:00,5,564293,Salzburg,945496,167.554089807954,946462,167.725277471101
2021-12-26T23:59:59+01:00,5,564293,Salzburg,932516,165.253866342485,946462,167.725277471101
2021-12-25T23:59:59+01:00,5,564293,Salzburg,932516,165.253866342485,946462,167.725277471101
2021-12-24T23:59:59+01:00,5,564293,Salzburg,932516,165.253866342485,946462,167.725277471101
2021-12-23T23:59:59+01:00,5,564293,Salzburg,932516,165.253866342485,946462,167.725277471101
2021-12-22T23:59:59+01:00,5,564293,Salzburg,932456,165.243233568377,933686,165.461205437601
2021-12-21T23:59:59+01:00,5,564293,Salzburg,932336,165.22196802016,932546,165.259182729539
2021-12-20T23:59:59+01:00,5,564293,Salzburg,932276,165.211335246051,932516,165.253866342485
2021-12-19T23:59:59+01:00,5,564293,Salzburg,928518,164.54536916105602,932516,165.253866342485
2021-12-18T23:59:59+01:00,5,564293,Salzburg,928518,164.54536916105602,932516,165.253866342485
2021-12-17T23:59:59+01:00,5,564293,Salzburg,924242,163.787606792925,932516,165.253866342485
2021-12-16T23:59:59+01:00,5,564293,Salzburg,919420,162.933086180406,932396,165.232600794268
2021-12-15T23:59:59+01:00,5,564293,Salzburg,919420,162.933086180406,928518,164.54536916105602
2021-12-14T23:59:59+01:00,5,564293,Salzburg,919420,162.933086180406,919420,162.933086180406
2021-12-13T23:59:59+01:00,5,564293,Salzburg,919318,162.915010464422,919420,162.933086180406
2021-12-12T23:59:59+01:00,5,564293,Salzburg,907968,160.9036440289,919420,162.933086180406
2021-12-11T23:59:59+01:00,5,564293,Salzburg,907968,160.9036440289,919420,162.933086180406
2021-12-10T23:59:59+01:00,5,564293,Salzburg,901296,159.721279548036,919420,162.933086180406
2021-12-09T23:59:59+01:00,5,564293,Salzburg,897462,159.041845282504,914010,161.97436438162399
2021-12-08T23:59:59+01:00,5,564293,Salzburg,894410,158.500991506186,907962,160.90258075148898
2021-12-07T23:59:59+01:00,5,564293,Salzburg,894410,158.500991506186,899052,159.323613796379
2021-12-06T23:59:59+01:00,5,564293,Salzburg,894038,158.43506830671302,897576,159.06204755331
2021-12-05T23:59:59+01:00,5,564293,Salzburg,867192,153.677610744773,896576,158.884834651502
2021-12-04T23:59:59+01:00,5,564293,Salzburg,867192,153.677610744773,896576,158.884834651502
2021-12-03T23:59:59+01:00,5,564293,Salzburg,859153,152.252996227137,896576,158.884834651502
2021-12-02T23:59:59+01:00,5,564293,Salzburg,850849,150.781420290523,880392,156.01682104864
2021-12-01T23:59:59+01:00,5,564293,Salzburg,846679,150.04244248998302,868992,153.996593968027
2021-11-30T23:59:59+01:00,5,564293,Salzburg,845149,149.771306750217,853939,151.32900815711
2021-11-29T23:59:59+01:00,5,564293,Salzburg,844093,149.584169925907,850339,150.691041710601
2021-11-28T23:59:59+01:00,5,564293,Salzburg,805493,142.743751916114,846637,150.03499954810698
2021-11-27T23:59:59+01:00,5,564293,Salzburg,805493,142.743751916114,846637,150.03499954810698
2021-11-26T23:59:59+01:00,5,564293,Salzburg,795737,141.014862846075,846637,150.03499954810698
2021-11-25T23:59:59+01:00,5,564293,Salzburg,774857,137.314657456321,842799,149.354856430968
2021-11-24T23:59:59+01:00,5,564293,Salzburg,771557,136.729854880355,804457,142.560159349841
2021-11-23T23:59:59+01:00,5,564293,Salzburg,769829,136.42363098603002,780439,138.303859874214
2021-11-22T23:59:59+01:00,5,564293,Salzburg,764873,135.545363844669,776737,137.647817711721
2021-11-21T23:59:59+01:00,5,564293,Salzburg,723501,128.213711671064,770779,136.591983242748
2021-11-20T23:59:59+01:00,5,564293,Salzburg,723501,128.213711671064,770779,136.591983242748
2021-11-19T23:59:59+01:00,5,564293,Salzburg,712533,126.270040564033,769279,136.32616389003599
2021-11-18T23:59:59+01:00,5,564293,Salzburg,701745,124.358267779327,761167,134.888612830569
2021-11-17T23:59:59+01:00,5,564293,Salzburg,697551,123.615036869144,723021,128.128649478197
2021-11-16T23:59:59+01:00,5,564293,Salzburg,696939,123.50658257323799,707667,125.407722583835
2021-11-15T23:59:59+01:00,5,564293,Salzburg,696321,123.39706499991999,701865,124.379533327544
2021-11-14T23:59:59+01:00,5,564293,Salzburg,670363,118.79697249478599,697743,123.64906174629101
2021-11-13T23:59:59+01:00,5,564293,Salzburg,670363,118.79697249478599,697743,123.64906174629101
2021-11-12T23:59:59+01:00,5,564293,Salzburg,660957,117.130107940378,697743,123.64906174629101
2021-11-11T23:59:59+01:00,5,564293,Salzburg,655403,116.145867483736,680731,120.634315860732
2021-11-10T23:59:59+01:00,5,564293,Salzburg,644875,114.280170053501,670573,118.834187204165
2021-11-09T23:59:59+01:00,5,564293,Salzburg,643411,114.020730365254,657363,116.49320477128
2021-11-08T23:59:59+01:00,5,564293,Salzburg,643093,113.964376662479,655963,116.245106708749
2021-11-07T23:59:59+01:00,5,564293,Salzburg,630845,111.793873041133,645609,114.410244323428
2021-11-06T23:59:59+01:00,5,564293,Salzburg,630845,111.793873041133,644349,114.18695606715
2021-11-05T23:59:59+01:00,5,564293,Salzburg,626033,110.94112455763201,644349,114.18695606715
2021-11-04T23:59:59+01:00,5,564293,Salzburg,623571,110.50482639338101,635545,112.626773679631
2021-11-03T23:59:59+01:00,5,564293,Salzburg,623451,110.48356084516399,631139,111.845973634264
2021-11-02T23:59:59+01:00,5,564293,Salzburg,622845,110.37616982666799,626327,110.993225150764
2021-11-01T23:59:59+01:00,5,564293,Salzburg,615771,109.12256575927799,623803,110.5459397866
2021-10-31T23:59:59+01:00,5,564293,Salzburg,615771,109.12256575927799,623803,110.5459397866
2021-10-30T23:59:59+02:00,5,564293,Salzburg,615691,109.108388727133,623803,110.5459397866
2021-10-29T23:59:59+02:00,5,564293,Salzburg,611713,108.40343580374001,623803,110.5459397866
2021-10-28T23:59:59+02:00,5,564293,Salzburg,611713,108.40343580374001,623743,110.53530701249201
2021-10-27T23:59:59+02:00,5,564293,Salzburg,611377,108.343892268733,616357,109.226412519737
2021-10-26T23:59:59+02:00,5,564293,Salzburg,610849,108.250323856578,612115,108.474675390267
2021-10-25T23:59:59+02:00,5,564293,Salzburg,610849,108.250323856578,612115,108.474675390267
2021-10-24T23:59:59+02:00,5,564293,Salzburg,605937,107.379854082897,611803,108.41938496490299
2021-10-23T23:59:59+02:00,5,564293,Salzburg,605937,107.379854082897,611803,108.41938496490299
2021-10-22T23:59:59+02:00,5,564293,Salzburg,604443,107.11509800759501,611803,108.41938496490299
2021-10-21T23:59:59+02:00,5,564293,Salzburg,603041,106.86664551926,611673,108.396347287668
2021-10-20T23:59:59+02:00,5,564293,Salzburg,602585,106.78583643603599,607617,107.677571757934
2021-10-19T23:59:59+02:00,5,564293,Salzburg,602315,106.73798895254801,604485,107.122540949471
2021-10-18T23:59:59+02:00,5,564293,Salzburg,601603,106.61181336646,604283,107.086743943306
2021-10-17T23:59:59+02:00,5,564293,Salzburg,596263,105.665496470805,602681,106.802848874609
2021-10-16T23:59:59+02:00,5,564293,Salzburg,596263,105.665496470805,602681,106.802848874609
2021-10-15T23:59:59+02:00,5,564293,Salzburg,596263,105.665496470805,602681,106.802848874609
2021-10-14T23:59:59+02:00,5,564293,Salzburg,595993,105.61764898731701,601303,106.558649495918
2021-10-13T23:59:59+02:00,5,564293,Salzburg,595123,105.463473762744,596299,105.67187613527001
2021-10-12T23:59:59+02:00,5,564293,Salzburg,595123,105.463473762744,596299,105.67187613527001
2021-10-11T23:59:59+02:00,5,564293,Salzburg,594625,105.37522173764299,596149,105.64529419999901
2021-10-10T23:59:59+02:00,5,564293,Salzburg,589829,104.525308660572,595669,105.560232007131
2021-10-09T23:59:59+02:00,5,564293,Salzburg,589829,104.525308660572,595735,105.57192805865
2021-10-08T23:59:59+02:00,5,564293,Salzburg,587417,104.097871141411,595735,105.57192805865
2021-10-07T23:59:59+02:00,5,564293,Salzburg,587183,104.05640332238701,595207,105.47835964649599
2021-10-06T23:59:59+02:00,5,564293,Salzburg,586859,103.998986342202,589901,104.538067989502
2021-10-05T23:59:59+02:00,5,564293,Salzburg,586571,103.947949026481,587477,104.10850391551901
2021-10-04T23:59:59+02:00,5,564293,Salzburg,584613,103.600966164741,587447,104.103187528465
2021-10-03T23:59:59+02:00,5,564293,Salzburg,576007,102.07587193178001,587465,104.106377360697
2021-10-02T23:59:59+02:00,5,564293,Salzburg,576007,102.07587193178001,587465,104.106377360697
2021-10-01T23:59:59+02:00,5,564293,Salzburg,576007,102.07587193178001,587465,104.106377360697
2021-09-30T23:59:59+02:00,5,564293,Salzburg,575977,102.070555544726,587081,104.038327606403
2021-09-29T23:59:59+02:00,5,564293,Salzburg,574634,101.832558617598,577311,102.306957555738
2021-09-28T23:59:59+02:00,5,564293,Salzburg,574148,101.746433147319,577257,102.29738805903999
2021-09-27T23:59:59+02:00,5,564293,Salzburg,573386,101.61139691614099,576957,102.244224188498
2021-09-26T23:59:59+02:00,5,564293,Salzburg,568876,100.81216672898701,576081,102.088985686514
2021-09-25T23:59:59+02:00,5,564293,Salzburg,568876,100.81216672898701,576081,102.088985686514
2021-09-24T23:59:59+02:00,5,564293,Salzburg,568108,100.67606722039801,576081,102.088985686514
2021-09-23T23:59:59+02:00,5,564293,Salzburg,567046,100.487867118678,574575,101.82210305639099
2021-09-22T23:59:59+02:00,5,564293,Salzburg,563238,99.8130403885925,569001,100.83431834171301
2021-09-21T23:59:59+02:00,5,564293,Salzburg,562932,99.75881324063921,568389,100.725864045806
2021-09-20T23:59:59+02:00,5,564293,Salzburg,562548,99.6907634863449,567315,100.535537389264
2021-09-19T23:59:59+02:00,5,564293,Salzburg,559921,99.225225193295,563561,99.8702801558765
2021-09-18T23:59:59+02:00,5,564293,Salzburg,559921,99.225225193295,563561,99.8702801558765
2021-09-17T23:59:59+02:00,5,564293,Salzburg,559021,99.06573358166771,563561,99.8702801558765
2021-09-16T23:59:59+02:00,5,564293,Salzburg,557721,98.83535680931709,563459,99.852204439892
2021-09-15T23:59:59+02:00,5,564293,Salzburg,556541,98.6262455851836,559921,99.225225193295
2021-09-14T23:59:59+02:00,5,564293,Salzburg,556379,98.5975370950907,559081,99.0763663557762
2021-09-13T23:59:59+02:00,5,564293,Salzburg,556007,98.5316138956181,556901,98.6900422298345
2021-09-12T23:59:59+02:00,5,564293,Salzburg,552441,97.8996726877704,556937,98.6964218942996
2021-09-11T23:59:59+02:00,5,564293,Salzburg,552441,97.8996726877704,556937,98.6964218942996
2021-09-10T23:59:59+02:00,5,564293,Salzburg,552441,97.8996726877704,556937,98.6964218942996
2021-09-09T23:59:59+02:00,5,564293,Salzburg,551901,97.803977720794,556895,98.68897895242371
2021-09-08T23:59:59+02:00,5,564293,Salzburg,551847,97.79440822409641,552441,97.8996726877704
2021-09-07T23:59:59+02:00,5,564293,Salzburg,551793,97.78483872739871,552441,97.8996726877704
2021-09-06T23:59:59+02:00,5,564293,Salzburg,551523,97.73699124391051,552081,97.83587604311941
2021-09-05T23:59:59+02:00,5,564293,Salzburg,549413,97.3630720210954,552141,97.8465088172279
2021-09-04T23:59:59+02:00,5,564293,Salzburg,549413,97.3630720210954,552141,97.8465088172279
2021-09-03T23:59:59+02:00,5,564293,Salzburg,549413,97.3630720210954,552141,97.8465088172279
2021-09-02T23:59:59+02:00,5,564293,Salzburg,548459,97.1940109127705,551381,97.71182701185379
2021-09-01T23:59:59+02:00,5,564293,Salzburg,547387,97.0040386820322,549413,97.3630720210954
2021-08-31T23:59:59+02:00,5,564293,Salzburg,547213,96.97320363711759,549413,97.3630720210954
2021-08-30T23:59:59+02:00,5,564293,Salzburg,546997,96.934925650327,548543,97.20889679652241
2021-08-29T23:59:59+02:00,5,564293,Salzburg,545261,96.6272840527882,547549,97.03274717212508
2021-08-28T23:59:59+02:00,5,564293,Salzburg,545261,96.6272840527882,547549,97.03274717212508
2021-08-27T23:59:59+02:00,5,564293,Salzburg,545261,96.6272840527882,547549,97.03274717212508
2021-08-26T23:59:59+02:00,5,564293,Salzburg,544841,96.55285463402879,546509,96.84844575424471
2021-08-25T23:59:59+02:00,5,564293,Salzburg,544769,96.54009530509859,545261,96.6272840527882
2021-08-24T23:59:59+02:00,5,564293,Salzburg,544601,96.5103235375948,545261,96.6272840527882
2021-08-23T23:59:59+02:00,5,564293,Salzburg,544349,96.46566588633921,544931,96.5688037951915
2021-08-22T23:59:59+02:00,5,564293,Salzburg,538987,95.5154503068441,544931,96.5688037951915
2021-08-21T23:59:59+02:00,5,564293,Salzburg,538987,95.5154503068441,544931,96.5688037951915
2021-08-20T23:59:59+02:00,5,564293,Salzburg,538827,95.4870962425548,544931,96.5688037951915
2021-08-19T23:59:59+02:00,5,564293,Salzburg,538713,95.46689397174869,544331,96.4624760541066
2021-08-18T23:59:59+02:00,5,564293,Salzburg,537465,95.24573227029221,541207,95.90886294885809
2021-08-17T23:59:59+02:00,5,564293,Salzburg,537327,95.2212768898427,541107,95.8911416586773
2021-08-16T23:59:59+02:00,5,564293,Salzburg,537021,95.1670497418894,541107,95.8911416586773
2021-08-15T23:59:59+02:00,5,564293,Salzburg,535449,94.8884710602471,540045,95.70294155695709
2021-08-14T23:59:59+02:00,5,564293,Salzburg,535449,94.8884710602471,540045,95.70294155695709
2021-08-13T23:59:59+02:00,5,564293,Salzburg,535419,94.8831546731928,540045,95.70294155695709
2021-08-12T23:59:59+02:00,5,564293,Salzburg,535203,94.8448766864023,539817,95.66253701534491
2021-08-11T23:59:59+02:00,5,564293,Salzburg,534495,94.71940995192209,537669,95.28188370226108
2021-08-10T23:59:59+02:00,5,564293,Salzburg,534393,94.70133423593771,537639,95.27656731520679
2021-08-09T23:59:59+02:00,5,564293,Salzburg,534027,94.636474313876,537639,95.27656731520679
2021-08-08T23:59:59+02:00,5,564293,Salzburg,527329,93.44950229756529,537039,95.17023957412201
2021-08-07T23:59:59+02:00,5,564293,Salzburg,527329,93.44950229756529,537039,95.17023957412201
2021-08-06T23:59:59+02:00,5,564293,Salzburg,527329,93.44950229756529,537039,95.17023957412201
2021-08-05T23:59:59+02:00,5,564293,Salzburg,527053,93.4005915366662,532581,94.3802244578614
2021-08-04T23:59:59+02:00,5,564293,Salzburg,526735,93.3442378338913,530199,93.95810332575451
2021-08-03T23:59:59+02:00,5,564293,Salzburg,526549,93.31127623415492,527353,93.4537554072087
2021-08-02T23:59:59+02:00,5,564293,Salzburg,525967,93.2081383253026,527347,93.4526921297978
2021-08-01T23:59:59+02:00,5,564293,Salzburg,517369,91.6844617955566,527317,93.44737574274359
2021-07-31T23:59:59+02:00,5,564293,Salzburg,517369,91.6844617955566,527317,93.44737574274359
2021-07-30T23:59:59+02:00,5,564293,Salzburg,517369,91.6844617955566,527317,93.44737574274359
2021-07-29T23:59:59+02:00,5,564293,Salzburg,517177,91.65043691840941,521869,92.48191985369301
2021-07-28T23:59:59+02:00,5,564293,Salzburg,511841,90.7048288743614,517369,91.6844617955566
2021-07-27T23:59:59+02:00,5,564293,Salzburg,511625,90.6665508875708,517369,91.6844617955566
2021-07-26T23:59:59+02:00,5,564293,Salzburg,510869,90.5325779338039,517351,91.681271963324
2021-07-25T23:59:59+02:00,5,564293,Salzburg,507467,89.92969964185271,512579,90.8356119958957
2021-07-24T23:59:59+02:00,5,564293,Salzburg,507467,89.92969964185271,512579,90.8356119958957
2021-07-23T23:59:59+02:00,5,564293,Salzburg,507467,89.92969964185271,512597,90.8388018281283
2021-07-22T23:59:59+02:00,5,564293,Salzburg,507011,89.8488905586282,510947,90.5464005401449
2021-07-21T23:59:59+02:00,5,564293,Salzburg,506453,89.7500057594193,507467,89.92969964185271
2021-07-20T23:59:59+02:00,5,564293,Salzburg,505923,89.65608292146099,507467,89.92969964185271
2021-07-19T23:59:59+02:00,5,564293,Salzburg,504453,89.39557995580309,507467,89.92969964185271
2021-07-18T23:59:59+02:00,5,564293,Salzburg,494259,87.58907163477129,507665,89.96478779641069
2021-07-17T23:59:59+02:00,5,564293,Salzburg,494259,87.58907163477129,507665,89.96478779641069
2021-07-16T23:59:59+02:00,5,564293,Salzburg,493018,87.36915042362742,507665,89.96478779641069
2021-07-15T23:59:59+02:00,5,564293,Salzburg,486958,86.29524023867029,496257,87.9431430125839
2021-07-14T23:59:59+02:00,5,564293,Salzburg,485822,86.0939263822163,494277,87.59226146700381
2021-07-13T23:59:59+02:00,5,564293,Salzburg,485144,85.9737760347904,491192,87.0455596649258
2021-07-12T23:59:59+02:00,5,564293,Salzburg,473297,83.8743347870698,487192,86.3367080576934
2021-07-11T23:59:59+02:00,5,564293,Salzburg,466855,82.732729273622,486794,86.2661773227738
2021-07-10T23:59:59+02:00,5,564293,Salzburg,466855,82.732729273622,486794,86.2661773227738
2021-07-09T23:59:59+02:00,5,564293,Salzburg,463855,82.2010905681977,477251,84.5750346008191
2021-07-08T23:59:59+02:00,5,564293,Salzburg,463369,82.114965097919,471191,83.501124415862
2021-07-07T23:59:59+02:00,5,564293,Salzburg,462823,82.0182068535318,466855,82.732729273622
2021-07-06T23:59:59+02:00,5,564293,Salzburg,461845,81.8448926355634,463975,82.2223561164147
2021-07-05T23:59:59+02:00,5,564293,Salzburg,459617,81.450062290335,463963,82.220229561593
2021-07-04T23:59:59+02:00,5,564293,Salzburg,437497,77.53011290233971,463963,82.220229561593
2021-07-03T23:59:59+02:00,5,564293,Salzburg,437497,77.53011290233971,463963,82.220229561593
2021-07-02T23:59:59+02:00,5,564293,Salzburg,437197,77.47694903179729,463963,82.220229561593
2021-07-01T23:59:59+02:00,5,564293,Salzburg,434519,77.0023728807552,446067,79.04882747083519
2021-06-30T23:59:59+02:00,5,564293,Salzburg,433271,76.78121117929871,437497,77.53011290233971
2021-06-29T23:59:59+02:00,5,564293,Salzburg,431703,76.5033413492636,437497,77.53011290233971
2021-06-28T23:59:59+02:00,5,564293,Salzburg,428421,75.92172860552941,435377,77.1544215505066
2021-06-27T23:59:59+02:00,5,564293,Salzburg,408703,72.4274446076772,435071,77.1001944025533
2021-06-26T23:59:59+02:00,5,564293,Salzburg,408703,72.4274446076772,435071,77.1001944025533
2021-06-25T23:59:59+02:00,5,564293,Salzburg,408553,72.40086267240599,435071,77.1001944025533
2021-06-24T23:59:59+02:00,5,564293,Salzburg,408253,72.3476988018636,420399,74.5001267072248
2021-06-23T23:59:59+02:00,5,564293,Salzburg,407185,72.1584354227325,408731,72.43240656892779
2021-06-22T23:59:59+02:00,5,564293,Salzburg,405969,71.9429445341339,408641,72.4164574077651
2021-06-21T23:59:59+02:00,5,564293,Salzburg,401445,71.141233366354,408641,72.4164574077651
2021-06-20T23:59:59+02:00,5,564293,Salzburg,377461,66.8909591293885,408389,72.3717997565095
2021-06-19T23:59:59+02:00,5,564293,Salzburg,377461,66.8909591293885,408389,72.3717997565095
2021-06-18T23:59:59+02:00,5,564293,Salzburg,377035,66.8154664332182,408389,72.3717997565095
2021-06-17T23:59:59+02:00,5,564293,Salzburg,376105,66.65065843453671,402625,71.3503445904876
2021-06-16T23:59:59+02:00,5,564293,Salzburg,372613,66.0318309814228,377461,66.8909591293885
2021-06-15T23:59:59+02:00,5,564293,Salzburg,370993,65.7447460804936,377461,66.8909591293885
2021-06-14T23:59:59+02:00,5,564293,Salzburg,361737,64.1044634613578,377221,66.8484280329545
2021-06-13T23:59:59+02:00,5,564293,Salzburg,341051,60.4386373745554,374773,66.4146108493283
2021-06-12T23:59:59+02:00,5,564293,Salzburg,341051,60.4386373745554,374773,66.4146108493283
2021-06-11T23:59:59+02:00,5,564293,Salzburg,340655,60.3684610654394,374857,66.4294967330802
2021-06-10T23:59:59+02:00,5,564293,Salzburg,339953,60.244057608370106,358171,63.4725222535101
2021-06-09T23:59:59+02:00,5,564293,Salzburg,338489,59.98461792012299,341051,60.4386373745554
2021-06-08T23:59:59+02:00,5,564293,Salzburg,336391,59.61282525212971,340955,60.4216249359818
2021-06-07T23:59:59+02:00,5,564293,Salzburg,329503,58.3921827844754,340733,60.38228367178039
2021-06-06T23:59:59+02:00,5,564293,Salzburg,309605,54.8660004642978,340193,60.2865887048041
2021-06-05T23:59:59+02:00,5,564293,Salzburg,309605,54.8660004642978,340193,60.2865887048041
2021-06-04T23:59:59+02:00,5,564293,Salzburg,305633,54.162110818316,340193,60.2865887048041
2021-06-03T23:59:59+02:00,5,564293,Salzburg,305309,54.10469383813021,328953,58.294715688481
2021-06-02T23:59:59+02:00,5,564293,Salzburg,305309,54.10469383813021,314181,55.676926702971706
2021-06-01T23:59:59+02:00,5,564293,Salzburg,305111,54.069605683572206,307333,54.4633727513898
2021-05-31T23:59:59+02:00,5,564293,Salzburg,301843,53.490473920463295,305627,54.1610475409052
2021-05-30T23:59:59+02:00,5,564293,Salzburg,284607,50.4360323448988,305645,54.1642373731377
2021-05-29T23:59:59+02:00,5,564293,Salzburg,284607,50.4360323448988,305645,54.1642373731377
2021-05-28T23:59:59+02:00,5,564293,Salzburg,283575,50.2531486302329,305645,54.1642373731377
2021-05-27T23:59:59+02:00,5,564293,Salzburg,282223,50.013556786988296,295627,52.388918522824106
2021-05-26T23:59:59+02:00,5,564293,Salzburg,281101,49.814723911159604,285075,50.518967982945
2021-05-25T23:59:59+02:00,5,564293,Salzburg,277159,49.1161506522321,284091,50.344590487565895
2021-05-24T23:59:59+02:00,5,564293,Salzburg,262821,46.5752720661075,282661,50.0911760379803
2021-05-23T23:59:59+02:00,5,564293,Salzburg,259531,45.99224161915879,282661,50.0911760379803
2021-05-22T23:59:59+02:00,5,564293,Salzburg,259531,45.99224161915879,282661,50.0911760379803
2021-05-21T23:59:59+02:00,5,564293,Salzburg,258787,45.860395220213604,282619,50.0837330961043
2021-05-20T23:59:59+02:00,5,564293,Salzburg,257235,45.5853607966074,276091,48.926887273100995
2021-05-19T23:59:59+02:00,5,564293,Salzburg,255773,45.326275534164,259059,45.908597129505395
2021-05-18T23:59:59+02:00,5,564293,Salzburg,253925,44.9987860916226,258819,45.8660660330715
2021-05-17T23:59:59+02:00,5,564293,Salzburg,248315,44.00462171247911,258345,45.7820671176144
2021-05-16T23:59:59+02:00,5,564293,Salzburg,227751,40.3604155996973,257615,45.652701699294504
2021-05-15T23:59:59+02:00,5,564293,Salzburg,227751,40.3604155996973,257615,45.652701699294504
2021-05-14T23:59:59+02:00,5,564293,Salzburg,227259,40.2732268520077,257837,45.6920429634959
2021-05-13T23:59:59+02:00,5,564293,Salzburg,226743,40.1817849946748,247943,43.9386985130065
2021-05-12T23:59:59+02:00,5,564293,Salzburg,226341,40.1105454081479,227895,40.3859342575577
2021-05-11T23:59:59+02:00,5,564293,Salzburg,225321,39.9297882483036,227595,40.332770387015294
2021-05-10T23:59:59+02:00,5,564293,Salzburg,220539,39.0823561518573,227595,40.332770387015294
2021-05-09T23:59:59+02:00,5,564293,Salzburg,206087,36.5212752949266,227193,40.2615308004884
2021-05-08T23:59:59+02:00,5,564293,Salzburg,206087,36.5212752949266,227193,40.2615308004884
2021-05-07T23:59:59+02:00,5,564293,Salzburg,205166,36.3580622123613,227193,40.2615308004884
2021-05-06T23:59:59+02:00,5,564293,Salzburg,198800,35.2299248794509,216441,38.356137680247706
2021-05-05T23:59:59+02:00,5,564293,Salzburg,190576,33.7725259749811,206195,36.5404142883218
2021-05-04T23:59:59+02:00,5,564293,Salzburg,187378,33.205799114998804,202972,35.9692571057943
2021-05-03T23:59:59+02:00,5,564293,Salzburg,176721,31.317241220429803,193930,34.3668980476455
2021-05-02T23:59:59+02:00,5,564293,Salzburg,167393,29.664199272363803,191921,34.010877327913
2021-05-01T23:59:59+02:00,5,564293,Salzburg,167393,29.664199272363803,192001,34.0250543600576
2021-04-30T23:59:59+02:00,5,564293,Salzburg,167393,29.664199272363803,183736,32.5603897266137
2021-04-29T23:59:59+02:00,5,564293,Salzburg,166727,29.5461754797596,171261,30.349658776557604
2021-04-28T23:59:59+02:00,5,564293,Salzburg,161835,28.679249964114398,167389,29.663490420756602
2021-04-27T23:59:59+02:00,5,564293,Salzburg,156991,27.8208306677559,167427,29.6702245110253
2021-04-26T23:59:59+02:00,5,564293,Salzburg,152089,26.952133023092603,167367,29.6595917369168
2021-04-25T23:59:59+02:00,5,564293,Salzburg,144735,25.6489093431958,166257,29.4628854159098
2021-04-24T23:59:59+02:00,5,564293,Salzburg,144735,25.6489093431958,161627,28.6423896805383
2021-04-23T23:59:59+02:00,5,564293,Salzburg,144537,25.6138211886378,161627,28.6423896805383
2021-04-22T23:59:59+02:00,5,564293,Salzburg,144105,25.5372652150567,152333,26.9953729711338
2021-04-21T23:59:59+02:00,5,564293,Salzburg,143253,25.386279822716197,144983,25.6928581428442
2021-04-20T23:59:59+02:00,5,564293,Salzburg,141745,25.119042766789605,144791,25.6588332656971
2021-04-19T23:59:59+02:00,5,564293,Salzburg,138145,24.481076320280398,144623,25.629061498193302
2021-04-18T23:59:59+02:00,5,564293,Salzburg,131763,23.3501035809411,143541,25.4373171384369
2021-04-17T23:59:59+02:00,5,564293,Salzburg,131763,23.3501035809411,142053,25.1736243405465
2021-04-16T23:59:59+02:00,5,564293,Salzburg,127843,22.6554290058533,138399,24.5260883973397
2021-04-15T23:59:59+02:00,5,564293,Salzburg,126359,22.392445059570104,132173,23.422760870682396
2021-04-14T23:59:59+02:00,5,564293,Salzburg,125721,22.2793832282165,131877,23.370305851747197
2021-04-13T23:59:59+02:00,5,564293,Salzburg,124395,22.044398920419003,126605,22.436039433414898
2021-04-12T23:59:59+02:00,5,564293,Salzburg,122595,21.725415697164397,126509,22.4190269948413
2021-04-11T23:59:59+02:00,5,564293,Salzburg,119067,21.1002085795854,126321,22.3857109693014
2021-04-10T23:59:59+02:00,5,564293,Salzburg,119067,21.1002085795854,125451,22.231535744728397
2021-04-09T23:59:59+02:00,5,564293,Salzburg,116225,20.596569512646802,123081,21.8115411674432
2021-04-08T23:59:59+02:00,5,564293,Salzburg,114825,20.3484714501155,119077,21.1019807086035
2021-04-07T23:59:59+02:00,5,564293,Salzburg,111691,19.7930862158489,119217,21.1267905148566
2021-04-06T23:59:59+02:00,5,564293,Salzburg,111049,19.679315532888104,116801,20.698644144088302
2021-04-05T23:59:59+02:00,5,564293,Salzburg,100097,17.7384798322857,115401,20.4505460815569
2021-04-04T23:59:59+02:00,5,564293,Salzburg,99377,17.6108865429839,115401,20.4505460815569
2021-04-03T23:59:59+02:00,5,564293,Salzburg,99377,17.6108865429839,115401,20.4505460815569
2021-04-02T23:59:59+02:00,5,564293,Salzburg,99089,17.5598492272631,108807,19.2820042070343
2021-04-01T23:59:59+02:00,5,564293,Salzburg,98939,17.5332672919919,101189,17.9319963210602
2021-03-31T23:59:59+02:00,5,564293,Salzburg,97391,17.258941719993,100637,17.8341747992621
2021-03-30T23:59:59+02:00,5,564293,Salzburg,96527,17.105829772830802,100547,17.8182256380994
2021-03-29T23:59:59+02:00,5,564293,Salzburg,94643,16.771960665824302,100427,17.796960089882397
2021-03-28T23:59:59+02:00,5,564293,Salzburg,90875,16.1042224518114,98667,17.4850653827001
2021-03-27T23:59:59+01:00,5,564293,Salzburg,90875,16.1042224518114,97803,17.3319534355379
2021-03-26T23:59:59+01:00,5,564293,Salzburg,90647,16.0638179101991,97881,17.345776041879002
2021-03-25T23:59:59+01:00,5,564293,Salzburg,90599,16.0553116909123,92075,16.3168779339811
2021-03-24T23:59:59+01:00,5,564293,Salzburg,77463,13.7274430127611,92075,16.3168779339811
2021-03-23T23:59:59+01:00,5,564293,Salzburg,75723,13.419092563615001,91817,16.2711570053146
2021-03-22T23:59:59+01:00,5,564293,Salzburg,73311,12.9916550444539,91787,16.265840618260402
2021-03-21T23:59:59+01:00,5,564293,Salzburg,69851,12.378498404197801,90787,16.0886277164523
2021-03-20T23:59:59+01:00,5,564293,Salzburg,69851,12.378498404197801,90787,16.0886277164523
2021-03-19T23:59:59+01:00,5,564293,Salzburg,69569,12.3285243658879,89269,15.819618531507599
2021-03-18T23:59:59+01:00,5,564293,Salzburg,69319,12.2842211404359,85775,15.200436652590101
2021-03-17T23:59:59+01:00,5,564293,Salzburg,68009,12.052072239067302,85929,15.2277274394685
2021-03-16T23:59:59+01:00,5,564293,Salzburg,65853,11.670001222769,85413,15.136285582135502
2021-03-15T23:59:59+01:00,5,564293,Salzburg,63789,11.304233793437099,78083,13.837315011882101
2021-03-14T23:59:59+01:00,5,564293,Salzburg,59703,10.5801418766492,78083,13.837315011882101
2021-03-13T23:59:59+01:00,5,564293,Salzburg,59703,10.5801418766492,77675,13.7650121479444
2021-03-12T23:59:59+01:00,5,564293,Salzburg,59703,10.5801418766492,77723,13.7735183672312
2021-03-11T23:59:59+01:00,5,564293,Salzburg,59529,10.5493068317346,60299,10.685760766126801
2021-03-10T23:59:59+01:00,5,564293,Salzburg,55959,9.91665677227965,60299,10.685760766126801
2021-03-09T23:59:59+01:00,5,564293,Salzburg,52397,9.28542441603919,60281,10.6825709338943
2021-03-08T23:59:59+01:00,5,564293,Salzburg,49723,8.81155711660432,59877,10.6109769215638
2021-03-07T23:59:59+01:00,5,564293,Salzburg,45571,8.07576914829707,59017,10.4585738260088
2021-03-06T23:59:59+01:00,5,564293,Salzburg,45571,8.07576914829707,54139,9.594129290988901
2021-03-05T23:59:59+01:00,5,564293,Salzburg,45553,8.07257931606453,54139,9.594129290988901
2021-03-04T23:59:59+01:00,5,564293,Salzburg,45433,8.05131376784755,50889,9.01818736011257
2021-03-03T23:59:59+01:00,5,564293,Salzburg,44617,7.9067080399721394,46363,8.21612176652909
2021-03-02T23:59:59+01:00,5,564293,Salzburg,42523,7.53562422358597,46363,8.21612176652909
2021-03-01T23:59:59+01:00,5,564293,Salzburg,40693,7.21132461327714,45553,8.07257931606453
2021-02-28T23:59:59+01:00,5,564293,Salzburg,37117,6.57761127641137,44785,7.936479807475901
2021-02-27T23:59:59+01:00,5,564293,Salzburg,37117,6.57761127641137,43951,7.788684247367951
2021-02-26T23:59:59+01:00,5,564293,Salzburg,37099,6.574421444178821,42865,7.59623103600435
2021-02-25T23:59:59+01:00,5,564293,Salzburg,36883,6.5361434573882695,37435,6.63396497918635
2021-02-24T23:59:59+01:00,5,564293,Salzburg,35757,6.33660172995235,37243,6.599940102039191
2021-02-23T23:59:59+01:00,5,564293,Salzburg,34407,6.09736431251141,37225,6.59675026980664
2021-02-22T23:59:59+01:00,5,564293,Salzburg,31275,5.54233350404843,37179,6.58859847632347
2021-02-21T23:59:59+01:00,5,564293,Salzburg,30093,5.33286785411125,35243,6.245514298422981
2021-02-20T23:59:59+01:00,5,564293,Salzburg,30093,5.33286785411125,34341,6.085668260992071
2021-02-19T23:59:59+01:00,5,564293,Salzburg,29583,5.24248927418912,31725,5.6220793098620705
2021-02-18T23:59:59+01:00,5,564293,Salzburg,29193,5.17337624248396,30279,5.365829453847559
2021-02-17T23:59:59+01:00,5,564293,Salzburg,27771,4.92137949611284,30279,5.365829453847559
2021-02-16T23:59:59+01:00,5,564293,Salzburg,27549,4.882038231911441,29779,5.27722300294351
2021-02-15T23:59:59+01:00,5,564293,Salzburg,26945,4.77500163921934,29625,5.249932216065059
2021-02-14T23:59:59+01:00,5,564293,Salzburg,23359,4.13951617333548,28901,5.1216300751559904
2021-02-13T23:59:59+01:00,5,564293,Salzburg,23359,4.13951617333548,28901,5.1216300751559904
2021-02-12T23:59:59+01:00,5,564293,Salzburg,23305,4.12994667663785,28941,5.128718591228321
2021-02-11T23:59:59+01:00,5,564293,Salzburg,22999,4.075719528684569,27707,4.91003787039712
2021-02-10T23:59:59+01:00,5,564293,Salzburg,22891,4.05658053528929,24049,4.2617930755830695
2021-02-09T23:59:59+01:00,5,564293,Salzburg,21973,3.89389909142945,23779,4.21394559209489
2021-02-08T23:59:59+01:00,5,564293,Salzburg,20953,3.7131419315851897,23173,4.10655457359918
2021-02-07T23:59:59+01:00,5,564293,Salzburg,18421,3.26443886420707,22873,4.05339070305675
2021-02-06T23:59:59+01:00,5,564293,Salzburg,18421,3.26443886420707,22873,4.05339070305675
2021-02-05T23:59:59+01:00,5,564293,Salzburg,18091,3.2059586066104,22831,4.045947761180799
2021-02-04T23:59:59+01:00,5,564293,Salzburg,17917,3.1751235616957905,22387,3.9672652327780096
2021-02-03T23:59:59+01:00,5,564293,Salzburg,16147,2.8614567254954397,21505,3.81096345338326
2021-02-02T23:59:59+01:00,5,564293,Salzburg,15469,2.7413063780695497,18163,3.21871793554058
2021-02-01T23:59:59+01:00,5,564293,Salzburg,15199,2.69345889458136,18163,3.21871793554058
2021-01-31T23:59:59+01:00,5,564293,Salzburg,12787,2.26602137542022,17803,3.1549212908896602
2021-01-30T23:59:59+01:00,5,564293,Salzburg,12787,2.26602137542022,17803,3.1549212908896602
2021-01-29T23:59:59+01:00,5,564293,Salzburg,12631,2.2383761627381498,17803,3.1549212908896602
2021-01-28T23:59:59+01:00,5,564293,Salzburg,12456,2.20736390492173,16213,2.8731527770147802
2021-01-27T23:59:59+01:00,5,564293,Salzburg,11494,2.03688509338234,15091,2.67431990118609
2021-01-26T23:59:59+01:00,5,564293,Salzburg,10994,1.9482786424782899,14089,2.49675257357437
2021-01-25T23:59:59+01:00,5,564293,Salzburg,10633,1.88430478492556,14154,2.50827141219189
2021-01-24T23:59:59+01:00,5,564293,Salzburg,10355,1.83503959822291,14154,2.50827141219189
2021-01-23T23:59:59+01:00,5,564293,Salzburg,10355,1.83503959822291,14154,2.50827141219189
2021-01-22T23:59:59+01:00,5,564293,Salzburg,10215,1.8102297919697699,14154,2.50827141219189
2021-01-21T23:59:59+01:00,5,564293,Salzburg,10115,1.7925085017889602,14166,2.51039796701359
2021-01-20T23:59:59+01:00,5,564293,Salzburg,10050,1.7809896631714401,14166,2.51039796701359
2021-01-19T23:59:59+01:00,5,564293,Salzburg,9445,1.6737758575775301,12235,2.16819985362214
2021-01-18T23:59:59+01:00,5,564293,Salzburg,8635,1.53023340711297,10915,1.9342788232354502
2021-01-17T23:59:59+01:00,5,564293,Salzburg,6585,1.16694695840636,10915,1.9342788232354502
2021-01-16T23:59:59+01:00,5,564293,Salzburg,6585,1.16694695840636,10915,1.9342788232354502
2021-01-15T23:59:59+01:00,5,564293,Salzburg,6205,1.0996060557192802,10915,1.9342788232354502
2021-01-14T23:59:59+01:00,5,564293,Salzburg,5865,1.03935366910453,10915,1.9342788232354502
2021-01-13T23:59:59+01:00,5,564293,Salzburg,4610,0.816951477335356,10620,1.88200101720206
2021-01-12T23:59:59+01:00,5,564293,Salzburg,4035,0.7150540587956971,10190,1.8057994694245703
2021-01-11T23:59:59+01:00,5,564293,Salzburg,3650,0.646827091599577,9335,1.6542824383786399
2021-01-10T23:59:59+01:00,5,564293,Salzburg,1660,0.294173417001451,7140,1.26530011890986
2021-01-09T23:59:59+01:00,5,564293,Salzburg,1660,0.294173417001451,7140,1.26530011890986
