Datum,<15_1_m,<15_1_w,15-24_1_m,15-24_1_w,25-34_1_m,25-34_1_w,35-44_1_m,35-44_1_w,45-54_1_m,45-54_1_w,55-64_1_m,55-64_1_w,65-74_1_m,65-74_1_w,75-84_1_m,75-84_1_w,>84_1_m,>84_1_w,<15_2_m,<15_2_w,15-24_2_m,15-24_2_w,25-34_2_m,25-34_2_w,35-44_2_m,35-44_2_w,45-54_2_m,45-54_2_w,55-64_2_m,55-64_2_w,65-74_2_m,65-74_2_w,75-84_2_m,75-84_2_w,>84_2_m,>84_2_w,bp_1,bp_2,mo_1,mo_2,az_1,az_2,ja,unb_1,unb_2
2021-11-11T23:59:59+01:00,2308,2254,10815,10071,11750,11046,14253,14613,18176,18456,21218,21125,16576,17284,9229,11236,2981,5743,1881,1802,9877,9333,10922,10211,13435,13820,17351,17695,20581,20473,16268,16961,9058,11012,2899,5589,158377,149750,20560,19960,27884,27131,12314,14,13
2021-11-10T23:59:59+01:00,2290,2241,10779,10035,11711,11015,14220,14582,18149,18436,21209,21113,16572,17281,9227,11230,2980,5742,1872,1788,9857,9317,10907,10191,13416,13806,17336,17681,20574,20466,16267,16957,9057,11009,2899,5588,158074,149615,20550,19927,27884,27128,12305,14,13
2021-11-09T23:59:59+01:00,2263,2211,10757,10015,11692,10985,14208,14567,18132,18421,21200,21101,16565,17275,9225,11227,2980,5739,1866,1784,9842,9307,10896,10177,13410,13797,17330,17669,20564,20458,16261,16950,9055,11008,2899,5586,157847,149532,20530,19883,27884,27128,12303,14,13
2021-11-08T23:59:59+01:00,2241,2181,10717,9967,11653,10947,14184,14546,18107,18408,21183,21087,16560,17269,9222,11223,2980,5736,1859,1779,9816,9288,10881,10156,13400,13785,17323,17655,20551,20447,16256,16941,9052,11004,2897,5585,157507,149396,20524,19842,27884,27127,12297,14,13
2021-11-07T23:59:59+01:00,2213,2161,10686,9952,11633,10929,14163,14535,18091,18396,21177,21079,16557,17267,9221,11219,2980,5734,1857,1773,9802,9282,10871,10146,13389,13774,17311,17639,20539,20440,16250,16936,9051,11000,2897,5585,157309,149333,20513,19782,27884,27126,12288,14,13
2021-11-06T23:59:59+01:00,2178,2129,10623,9898,11577,10859,14101,14485,18043,18363,21156,21054,16550,17258,9218,11216,2979,5733,1855,1771,9794,9276,10866,10142,13382,13769,17306,17633,20534,20438,16249,16933,9049,11000,2897,5584,156741,149273,20512,19782,27884,27126,12284,14,13
2021-11-05T23:59:59+01:00,2139,2089,10561,9844,11514,10809,14047,14427,17988,18309,21124,21027,16543,17246,9215,11212,2978,5733,1846,1757,9776,9262,10856,10130,13366,13758,17292,17619,20524,20428,16243,16925,9047,10996,2897,5584,156131,149107,20512,19781,27884,27126,12279,14,13
2021-11-04T23:59:59+01:00,2108,2051,10537,9827,11499,10796,14028,14411,17980,18299,21117,21019,16540,17242,9212,11209,2977,5730,1833,1742,9761,9238,10839,10109,13347,13739,17281,17601,20510,20411,16239,16919,9042,10988,2892,5577,155928,148881,20499,19776,27884,27126,12272,14,13
2021-11-03T23:59:59+01:00,2081,2026,10494,9793,11460,10757,13990,14389,17954,18273,21097,20999,16533,17237,9209,11207,2975,5727,1823,1731,9739,9223,10824,10095,13329,13718,17271,17587,20499,20402,16233,16912,9038,10986,2889,5571,155562,148690,20491,19776,27884,27126,12265,14,13
2021-11-02T23:59:59+01:00,2062,2013,10480,9780,11445,10739,13976,14377,17940,18263,21086,20988,16533,17234,9209,11202,2975,5725,1812,1717,9717,9203,10810,10077,13317,13703,17262,17576,20492,20395,16226,16905,9035,10983,2886,5567,155394,148511,20491,19774,27884,27126,12259,14,13
2021-11-01T23:59:59+01:00,2053,2001,10469,9759,11422,10725,13957,14370,17928,18254,21080,20984,16530,17233,9209,11202,2975,5724,1797,1698,9697,9182,10790,10061,13301,13685,17253,17570,20483,20386,16221,16899,9032,10981,2886,5564,155253,148328,20486,19766,27884,27126,12253,14,13
2021-10-31T23:59:59+01:00,2053,2001,10468,9758,11421,10724,13956,14369,17928,18254,21079,20984,16530,17232,9209,11201,2975,5724,1794,1696,9696,9182,10790,10060,13301,13685,17252,17569,20482,20386,16219,16897,9031,10980,2886,5564,155244,148312,20486,19766,27884,27126,12253,14,13
2021-10-30T23:59:59+02:00,2046,1992,10423,9737,11369,10690,13912,14331,17869,18220,21046,20962,16526,17227,9209,11199,2974,5723,1794,1696,9694,9179,10786,10057,13299,13684,17250,17565,20476,20382,16219,16896,9031,10980,2886,5564,154833,148280,20486,19766,27884,27126,12253,14,13
2021-10-29T23:59:59+02:00,2032,1973,10385,9716,11327,10653,13878,14290,17832,18187,21024,20942,16519,17221,9207,11198,2973,5722,1791,1696,9686,9175,10782,10051,13289,13676,17239,17560,20468,20375,16216,16895,9031,10978,2886,5563,154462,148206,20486,19764,27884,27126,12248,14,13
2021-10-28T23:59:59+02:00,2024,1965,10369,9705,11309,10643,13860,14283,17822,18175,21014,20939,16517,17220,9204,11195,2973,5720,1785,1695,9665,9162,10770,10039,13278,13668,17231,17554,20464,20370,16214,16893,9031,10975,2886,5562,154339,148108,20483,19762,27883,27126,12233,14,13
2021-10-27T23:59:59+02:00,2013,1955,10356,9697,11294,10635,13843,14272,17812,18168,21008,20935,16517,17214,9203,11191,2971,5716,1762,1666,9632,9123,10754,10003,13259,13638,17212,17538,20450,20360,16202,16890,9031,10974,2883,5560,154215,147813,20474,19756,27883,27126,12229,14,13
2021-10-26T23:59:59+02:00,2002,1939,10337,9680,11276,10624,13825,14257,17804,18155,21001,20929,16516,17213,9198,11185,2971,5714,1726,1630,9567,9058,10726,9965,13235,13604,17188,17509,20437,20348,16195,16879,9027,10968,2882,5558,154052,147390,20473,19755,27883,27125,12219,14,13
2021-10-25T23:59:59+02:00,2000,1936,10321,9673,11267,10618,13823,14252,17799,18152,20999,20926,16514,17212,9197,11184,2971,5714,1723,1624,9562,9055,10722,9963,13230,13603,17183,17506,20434,20348,16193,16878,9027,10965,2882,5556,153991,147347,20472,19755,27882,27125,12214,14,13
2021-10-24T23:59:59+02:00,1994,1932,10310,9667,11254,10613,13818,14248,17796,18150,20994,20922,16513,17212,9197,11181,2970,5713,1713,1618,9546,9042,10714,9954,13225,13596,17181,17503,20428,20348,16192,16876,9027,10964,2880,5556,153925,147262,20470,19755,27882,27125,12208,14,13
2021-10-23T23:59:59+02:00,1991,1929,10272,9639,11218,10588,13788,14219,17767,18128,20973,20907,16507,17203,9194,11176,2970,5711,1713,1617,9545,9041,10714,9951,13222,13593,17180,17503,20428,20348,16192,16875,9027,10963,2880,5556,153623,147249,20470,19755,27882,27125,12206,14,13
2021-10-22T23:59:59+02:00,1979,1916,10241,9618,11204,10557,13750,14202,17747,18109,20949,20890,16501,17203,9193,11174,2970,5711,1705,1608,9527,9031,10707,9940,13213,13581,17177,17495,20423,20345,16189,16870,9026,10962,2879,5553,153368,147142,20468,19755,27882,27124,12197,14,13
2021-10-21T23:59:59+02:00,1974,1913,10235,9612,11190,10548,13737,14199,17739,18104,20946,20889,16500,17202,9191,11174,2970,5710,1699,1599,9516,9024,10702,9929,13209,13568,17169,17488,20419,20338,16187,16869,9025,10960,2879,5553,153294,147052,20464,19750,27882,27124,12194,14,13
2021-10-20T23:59:59+02:00,1965,1904,10215,9602,11179,10528,13727,14191,17734,18094,20938,20885,16497,17198,9189,11171,2970,5710,1681,1580,9491,8989,10688,9908,13191,13548,17149,17471,20405,20325,16185,16863,9023,10957,2877,5553,153165,146810,20462,19748,27882,27124,12189,14,13
2021-10-19T23:59:59+02:00,1961,1898,10206,9595,11171,10518,13721,14186,17728,18090,20931,20881,16496,17196,9189,11171,2969,5709,1659,1560,9450,8945,10657,9877,13168,13522,17122,17448,20394,20314,16176,16850,9018,10954,2877,5552,153090,146474,20460,19747,27882,27124,12185,14,13
2021-10-18T23:59:59+02:00,1955,1881,10178,9577,11156,10502,13713,14173,17714,18083,20921,20873,16492,17191,9186,11165,2969,5706,1633,1540,9420,8906,10632,9851,13145,13493,17100,17433,20377,20300,16167,16842,9010,10944,2876,5549,152911,146152,20459,19745,27882,27124,12184,14,13
2021-10-17T23:59:59+02:00,1955,1880,10173,9576,11154,10498,13710,14171,17712,18079,20918,20872,16489,17191,9186,11165,2967,5704,1633,1537,9418,8902,10625,9849,13143,13492,17095,17428,20375,20299,16165,16841,9010,10943,2876,5549,152879,146119,20458,19742,27882,27124,12182,14,13
2021-10-16T23:59:59+02:00,1951,1876,10163,9570,11149,10498,13704,14160,17709,18077,20913,20870,16487,17187,9184,11164,2967,5703,1633,1537,9418,8901,10624,9849,13142,13491,17095,17426,20374,20299,16165,16841,9010,10943,2876,5549,152812,146113,20458,19742,27882,27124,12181,14,13
2021-10-15T23:59:59+02:00,1948,1872,10156,9557,11142,10492,13696,14148,17700,18066,20908,20858,16486,17186,9183,11163,2967,5702,1629,1530,9402,8887,10614,9842,13133,13484,17091,17421,20368,20294,16163,16841,9010,10943,2875,5549,152713,146020,20458,19741,27882,27124,12178,14,13
2021-10-14T23:59:59+02:00,1943,1864,10144,9546,11133,10477,13680,14141,17694,18056,20897,20847,16483,17183,9183,11160,2966,5700,1622,1527,9392,8874,10605,9831,13124,13476,17086,17416,20358,20286,16157,16835,9007,10942,2875,5549,152622,145926,20427,19732,27882,27124,12167,14,13
2021-10-13T23:59:59+02:00,1939,1853,10129,9527,11119,10470,13666,14131,17679,18045,20890,20839,16480,17175,9180,11154,2963,5698,1613,1520,9381,8855,10591,9818,13111,13463,17074,17405,20353,20276,16155,16829,9002,10933,2874,5546,152501,145847,20390,19651,27882,27123,12165,14,13
2021-10-12T23:59:59+02:00,1929,1844,10114,9514,11109,10453,13661,14126,17677,18039,20884,20836,16478,17172,9178,11153,2963,5698,1601,1510,9353,8832,10582,9803,13098,13447,17061,17395,20343,20268,16146,16820,8997,10925,2873,5538,152461,145723,20322,19569,27882,27123,12164,14,13
2021-10-11T23:59:59+02:00,1920,1835,10095,9498,11091,10444,13647,14117,17666,18023,20876,20826,16472,17170,9175,11149,2962,5696,1573,1483,9321,8792,10561,9772,13075,13418,17046,17380,20331,20259,16137,16816,8994,10921,2872,5534,152361,145574,20263,19418,27882,27123,12157,14,13
2021-10-10T23:59:59+02:00,1919,1830,10085,9491,11086,10437,13637,14110,17658,18015,20866,20820,16472,17170,9172,11145,2961,5696,1571,1482,9314,8788,10553,9768,13069,13413,17041,17377,20326,20259,16136,16816,8992,10918,2872,5532,152336,145530,20200,19408,27882,27123,12153,14,13
2021-10-09T23:59:59+02:00,1919,1830,10085,9491,11085,10437,13637,14110,17657,18015,20866,20820,16472,17170,9172,11145,2961,5696,1570,1482,9311,8784,10553,9766,13068,13412,17039,17377,20325,20258,16136,16816,8992,10918,2872,5532,152335,145517,20199,19405,27882,27123,12153,14,13
2021-10-08T23:59:59+02:00,1910,1821,10070,9483,11076,10431,13627,14099,17647,18007,20856,20815,16465,17164,9171,11142,2960,5695,1564,1475,9305,8775,10547,9760,13062,13405,17037,17374,20324,20257,16134,16815,8992,10917,2872,5532,152208,145461,20199,19399,27882,27123,12151,14,13
2021-10-07T23:59:59+02:00,1898,1807,10040,9450,11048,10403,13598,14081,17639,17994,20838,20802,16459,17159,9168,11138,2959,5693,1558,1467,9293,8756,10538,9744,13056,13394,17032,17365,20316,20252,16130,16811,8988,10914,2872,5531,151965,145350,20194,19397,27882,27123,12134,14,13
2021-10-06T23:59:59+02:00,1880,1783,10014,9430,11032,10388,13582,14061,17631,17982,20826,20793,16455,17154,9165,11137,2959,5692,1517,1411,9251,8693,10515,9707,13022,13356,17006,17338,20296,20233,16119,16802,8983,10910,2872,5527,151763,144900,20191,19396,27882,27123,12126,14,13
2021-10-05T23:59:59+02:00,1870,1771,10001,9408,11022,10371,13568,14045,17622,17973,20816,20788,16451,17148,9164,11137,2958,5692,1499,1388,9231,8668,10500,9686,13012,13344,16998,17322,20284,20224,16113,16798,8980,10904,2868,5523,151625,144705,20191,19396,27882,27123,12105,14,13
2021-10-04T23:59:59+02:00,1858,1761,9975,9394,11010,10355,13553,14032,17611,17959,20802,20775,16450,17143,9162,11135,2957,5692,1483,1374,9209,8647,10479,9663,13007,13333,16989,17302,20273,20204,16110,16793,8978,10902,2867,5523,151472,144523,20186,19396,27882,27122,12082,14,13
2021-10-03T23:59:59+02:00,1852,1756,9968,9388,10999,10344,13548,14025,17604,17954,20794,20771,16447,17138,9160,11134,2957,5692,1480,1369,9201,8638,10466,9656,13003,13328,16985,17295,20264,20199,16107,16791,8978,10901,2867,5523,151410,144469,20186,19396,27882,27122,12051,14,13
2021-10-02T23:59:59+02:00,1852,1756,9967,9385,10997,10343,13545,14025,17604,17954,20792,20769,16446,17137,9160,11134,2957,5692,1480,1369,9200,8636,10463,9652,13001,13326,16985,17295,20263,20197,16106,16789,8978,10901,2867,5523,151404,144461,20186,19394,27882,27122,12041,14,13
2021-10-01T23:59:59+02:00,1849,1752,9953,9370,10989,10328,13536,14017,17595,17947,20786,20765,16442,17133,9158,11133,2955,5690,1470,1355,9183,8618,10449,9641,12999,13315,16974,17288,20254,20190,16105,16789,8977,10896,2866,5521,151306,144337,20185,19394,27881,27122,12024,14,13
2021-09-30T23:59:59+02:00,1846,1748,9937,9362,10977,10318,13526,14000,17587,17934,20778,20759,16442,17132,9156,11131,2954,5689,1461,1351,9160,8610,10437,9631,12992,13303,16964,17284,20248,20186,16103,16789,8974,10896,2866,5521,151231,144271,20183,19391,27881,27122,11979,14,13
2021-09-29T23:59:59+02:00,1833,1714,9908,9326,10953,10292,13511,13980,17572,17922,20759,20748,16434,17124,9154,11128,2953,5686,1457,1337,9150,8595,10424,9616,12989,13289,16959,17271,20238,20178,16097,16780,8970,10893,2865,5520,150970,144142,20183,19390,27881,27122,11961,14,13
2021-09-28T23:59:59+02:00,1806,1689,9855,9272,10932,10256,13480,13953,17544,17892,20742,20728,16425,17111,9150,11118,2952,5683,1436,1321,9131,8567,10410,9594,12972,13276,16949,17259,20225,20166,16088,16771,8963,10886,2865,5519,150588,143939,20183,19389,27880,27122,11935,14,13
2021-09-27T23:59:59+02:00,1789,1676,9829,9254,10906,10234,13460,13926,17526,17872,20733,20721,16419,17106,9146,11115,2952,5682,1422,1309,9112,8545,10388,9574,12951,13250,16934,17242,20214,20157,16084,16768,8961,10883,2865,5518,150420,143790,20174,19384,27880,27120,11870,14,13
2021-09-26T23:59:59+02:00,1782,1670,9818,9244,10889,10222,13450,13919,17519,17866,20723,20720,16417,17102,9146,11114,2951,5682,1420,1308,9106,8537,10379,9570,12942,13244,16930,17237,20207,20155,16082,16766,8961,10883,2865,5518,150338,143754,20173,19383,27880,27119,11841,14,13
2021-09-25T23:59:59+02:00,1782,1669,9815,9243,10888,10222,13448,13918,17519,17866,20723,20720,16417,17101,9146,11114,2951,5682,1420,1308,9106,8534,10377,9570,12941,13242,16930,17237,20207,20155,16082,16765,8961,10883,2865,5518,150333,143750,20173,19383,27880,27119,11836,14,13
2021-09-24T23:59:59+02:00,1774,1653,9798,9231,10885,10212,13444,13907,17516,17862,20720,20716,16414,17100,9146,11114,2950,5682,1410,1302,9089,8521,10371,9559,12937,13238,16924,17231,20206,20151,16080,16763,8960,10883,2865,5518,150245,143667,20171,19383,27880,27119,11826,14,13
2021-09-23T23:59:59+02:00,1771,1651,9736,9189,10783,10147,13346,13833,17431,17796,20667,20669,16390,17082,9139,11103,2950,5679,1409,1299,9032,8484,10270,9499,12848,13177,16843,17169,20155,20107,16057,16742,8952,10871,2865,5515,150167,143639,20169,19380,27880,27119,11143,14,13
2021-09-22T23:59:59+02:00,1749,1634,9707,9156,10768,10118,13320,13802,17403,17773,20652,20647,16386,17074,9137,11096,2947,5678,1403,1282,9007,8469,10249,9482,12833,13162,16824,17159,20144,20102,16051,16740,8949,10865,2863,5512,149881,143469,20165,19377,27880,27119,11118,14,13
2021-09-21T23:59:59+02:00,1718,1604,9650,9090,10732,10083,13292,13760,17373,17750,20637,20636,16374,17060,9133,11094,2945,5672,1387,1251,8973,8435,10233,9464,12811,13135,16798,17129,20133,20091,16041,16733,8944,10862,2863,5510,149457,143185,20163,19375,27879,27119,11101,14,13
2021-09-20T23:59:59+02:00,1686,1580,9595,9038,10685,10032,13256,13719,17352,17731,20613,20618,16364,17053,9124,11082,2944,5668,1370,1224,8938,8408,10214,9441,12784,13112,16777,17111,20116,20072,16033,16724,8937,10855,2861,5509,149056,142940,20161,19374,27879,27118,11041,14,13
2021-09-19T23:59:59+02:00,1685,1579,9591,9030,10677,10027,13248,13717,17344,17725,20606,20614,16362,17050,9123,11080,2941,5665,1366,1223,8932,8402,10209,9439,12780,13110,16774,17109,20113,20068,16032,16724,8937,10855,2861,5508,149002,142918,20158,19372,27879,27117,11022,14,13
2021-09-18T23:59:59+02:00,1685,1579,9591,9029,10675,10023,13245,13713,17341,17725,20605,20614,16362,17050,9123,11080,2941,5665,1364,1223,8930,8399,10207,9437,12779,13107,16770,17108,20112,20068,16032,16724,8937,10855,2861,5508,148996,142909,20158,19372,27879,27117,11010,14,13
2021-09-17T23:59:59+02:00,1679,1569,9574,9006,10662,10007,13229,13699,17330,17714,20600,20603,16360,17048,9122,11078,2940,5664,1362,1221,8923,8393,10200,9431,12770,13101,16766,17103,20109,20059,16032,16722,8936,10854,2861,5508,148881,142885,20156,19372,27879,27116,10965,14,13
2021-09-16T23:59:59+02:00,1675,1568,9557,8990,10646,9990,13218,13687,17318,17706,20588,20592,16359,17044,9119,11075,2940,5662,1359,1221,8917,8387,10192,9424,12762,13095,16758,17098,20099,20054,16032,16721,8936,10851,2861,5506,148777,142856,20153,19369,27879,27113,10922,14,13
2021-09-15T23:59:59+02:00,1662,1553,9530,8963,10622,9970,13189,13659,17299,17682,20571,20574,16353,17037,9110,11067,2940,5658,1336,1187,8870,8347,10162,9383,12728,13055,16733,17078,20070,20034,16025,16709,8931,10848,2861,5504,148610,142520,20085,19356,27879,27110,10862,14,13
2021-09-14T23:59:59+02:00,1650,1543,9497,8933,10605,9950,13170,13636,17276,17664,20556,20560,16336,17024,9100,11056,2936,5646,1314,1175,8837,8315,10145,9366,12718,13032,16717,17059,20053,20014,16021,16702,8928,10841,2860,5500,148408,142279,20008,19355,27879,27110,10840,14,13
2021-09-13T23:59:59+02:00,1616,1507,9454,8878,10579,9916,13147,13593,17255,17645,20534,20547,16330,17018,9097,11050,2934,5640,1291,1160,8802,8287,10129,9343,12697,13000,16704,17042,20037,19998,16015,16688,8922,10839,2859,5496,148189,142024,19853,19347,27879,27109,10816,14,13
2021-09-12T23:59:59+02:00,1614,1504,9442,8871,10567,9910,13140,13583,17250,17641,20531,20542,16329,17015,9095,11049,2934,5637,1274,1144,8778,8266,10108,9332,12680,12986,16693,17035,20029,19989,16012,16684,8921,10833,2859,5495,148140,141866,19847,19346,27879,27108,10785,14,13
2021-09-11T23:59:59+02:00,1614,1504,9440,8866,10562,9906,13137,13581,17249,17638,20528,20540,16329,17013,9094,11049,2934,5637,1274,1144,8769,8263,10106,9331,12675,12985,16692,17032,20027,19988,16012,16683,8920,10833,2859,5495,148129,141860,19843,19341,27879,27108,10767,14,12
2021-09-10T23:59:59+02:00,1613,1503,9436,8862,10553,9899,13125,13576,17244,17631,20526,20536,16328,17012,9094,11049,2934,5637,1273,1143,8765,8260,10099,9323,12664,12979,16686,17027,20024,19984,16012,16682,8920,10832,2859,5495,148100,141838,19842,19335,27879,27108,10734,14,12
2021-09-09T23:59:59+02:00,1610,1498,9420,8856,10542,9886,13111,13559,17228,17622,20511,20524,16325,17011,9092,11045,2933,5634,1270,1139,8755,8254,10092,9313,12659,12965,16668,17020,20012,19974,16010,16680,8918,10825,2858,5493,148017,141784,19840,19335,27879,27107,10667,14,12
2021-09-08T23:59:59+02:00,1572,1450,9377,8797,10511,9847,13084,13522,17195,17596,20492,20504,16309,16997,9088,11039,2933,5632,1268,1132,8731,8238,10073,9297,12639,12949,16652,17011,19996,19967,16003,16674,8917,10821,2858,5493,147607,141654,19839,19330,27879,27107,10616,14,12
2021-09-07T23:59:59+02:00,1554,1425,9357,8775,10492,9828,13074,13512,17186,17584,20486,20499,16305,16994,9087,11034,2932,5630,1268,1130,8723,8231,10065,9295,12631,12947,16648,17002,19992,19964,16003,16672,8917,10818,2858,5493,147432,141612,19837,19328,27879,27103,10602,14,12
2021-09-06T23:59:59+02:00,1541,1413,9333,8751,10471,9807,13064,13498,17175,17570,20477,20483,16303,16991,9085,11034,2931,5630,1265,1130,8717,8221,10057,9288,12626,12938,16642,16997,19987,19957,16001,16672,8914,10815,2858,5492,147256,141554,19836,19325,27877,27102,10584,14,12
2021-09-05T23:59:59+02:00,1538,1410,9325,8741,10462,9802,13059,13492,17172,17563,20471,20480,16299,16988,9085,11033,2931,5630,1262,1122,8709,8215,10050,9278,12620,12932,16636,16991,19979,19955,15999,16670,8914,10814,2858,5492,147204,141500,19836,19325,27877,27099,10560,14,12
2021-09-04T23:59:59+02:00,1537,1410,9324,8739,10461,9802,13058,13491,17172,17563,20469,20478,16299,16988,9085,11033,2931,5630,1261,1122,8709,8215,10049,9276,12619,12932,16635,16990,19978,19955,15999,16670,8914,10814,2858,5492,147198,141494,19833,19325,27877,27099,10558,14,12
2021-09-03T23:59:59+02:00,1527,1396,9303,8721,10448,9791,13053,13481,17157,17551,20457,20468,16295,16982,9084,11028,2931,5627,1261,1121,8693,8203,10037,9268,12612,12925,16619,16980,19975,19947,15995,16663,8913,10810,2858,5489,147096,141442,19829,19323,27877,27099,10493,14,12
2021-09-02T23:59:59+02:00,1516,1387,9250,8690,10388,9740,12978,13423,17107,17514,20398,20424,16263,16955,9074,11017,2930,5622,1253,1116,8649,8178,9979,9224,12543,12875,16575,16947,19915,19906,15963,16640,8906,10802,2858,5484,146967,141385,19828,19319,27876,27097,10000,14,12
2021-09-01T23:59:59+02:00,1512,1370,9231,8676,10366,9728,12965,13410,17095,17500,20388,20419,16259,16949,9067,11013,2930,5621,1242,1108,8632,8158,9963,9207,12532,12864,16562,16936,19899,19895,15959,16635,8903,10796,2858,5483,146857,141252,19806,19317,27876,27096,9955,14,12
2021-08-31T23:59:59+02:00,1496,1352,9217,8650,10355,9716,12954,13403,17090,17488,20381,20411,16254,16945,9065,11008,2930,5621,1229,1094,8616,8140,9957,9195,12517,12853,16551,16931,19896,19888,15955,16633,8902,10793,2858,5483,146703,141125,19805,19314,27876,27093,9947,14,12
2021-08-30T23:59:59+02:00,1475,1335,9199,8628,10341,9700,12943,13388,17077,17468,20369,20402,16250,16942,9063,11006,2930,5620,1221,1083,8590,8126,9943,9183,12506,12834,16538,16914,19888,19881,15950,16627,8900,10788,2856,5481,146539,140990,19805,19310,27873,27084,9913,14,12
2021-08-29T23:59:59+02:00,1474,1334,9197,8622,10334,9691,12941,13383,17068,17463,20365,20397,16247,16937,9063,11006,2930,5619,1220,1080,8587,8120,9934,9171,12501,12828,16530,16909,19884,19878,15947,16620,8899,10788,2856,5480,146522,140968,19805,19309,27873,27078,9865,14,12
2021-08-28T23:59:59+02:00,1473,1334,9194,8618,10334,9690,12940,13382,17068,17462,20364,20396,16247,16937,9063,11006,2930,5619,1219,1078,8583,8120,9933,9171,12500,12827,16530,16908,19883,19877,15947,16620,8899,10788,2856,5480,146514,140963,19805,19307,27873,27078,9859,14,12
2021-08-27T23:59:59+02:00,1463,1323,9181,8611,10329,9683,12937,13380,17065,17456,20359,20391,16246,16935,9062,11006,2930,5619,1214,1072,8573,8113,9930,9166,12495,12824,16528,16901,19882,19876,15946,16619,8898,10787,2856,5480,146440,140917,19804,19305,27873,27073,9853,14,12
2021-08-26T23:59:59+02:00,1460,1322,9174,8607,10322,9677,12929,13379,17062,17454,20357,20386,16243,16932,9059,11001,2929,5619,1211,1070,8564,8102,9922,9160,12487,12821,16523,16899,19880,19871,15943,16615,8895,10784,2855,5480,146419,140886,19802,19305,27873,27067,9812,14,12
2021-08-25T23:59:59+02:00,1446,1297,9067,8551,10235,9605,12840,13306,16943,17371,20262,20330,16196,16895,9044,10980,2924,5608,1199,1062,8471,8048,9838,9098,12396,12756,16419,16826,19793,19817,15899,16577,8881,10764,2850,5467,146180,140740,19801,19304,27873,27065,9040,14,12
2021-08-24T23:59:59+02:00,1427,1272,9036,8521,10221,9585,12811,13277,16912,17335,20248,20314,16181,16885,9039,10974,2924,5605,1194,1053,8448,8035,9821,9086,12380,12745,16408,16811,19786,19807,15893,16573,8881,10762,2850,5466,145891,140622,19799,19302,27873,27065,8998,14,12
2021-08-23T23:59:59+02:00,1409,1247,8994,8484,10207,9566,12780,13257,16894,17317,20235,20290,16169,16873,9028,10968,2923,5600,1193,1047,8423,8019,9795,9067,12366,12739,16396,16802,19775,19791,15887,16565,8876,10757,2849,5463,145634,140524,19799,19300,27873,27045,8929,14,12
2021-08-22T23:59:59+02:00,1409,1247,8984,8479,10200,9559,12779,13253,16890,17311,20232,20287,16166,16869,9024,10968,2923,5599,1192,1046,8407,8013,9788,9056,12362,12734,16393,16795,19773,19787,15884,16560,8872,10755,2849,5462,145620,140495,19799,19298,27873,27042,8881,14,12
2021-08-21T23:59:59+02:00,1409,1246,8979,8479,10199,9557,12776,13252,16889,17311,20231,20286,16166,16869,9024,10968,2923,5599,1190,1044,8285,7932,9687,8962,12274,12624,16301,16725,19717,19744,15864,16545,8869,10744,2848,5460,145614,140490,19796,18398,27873,27041,8874,14,12
2021-08-20T23:59:59+02:00,1408,1244,8971,8477,10192,9549,12769,13242,16886,17309,20224,20281,16163,16869,9024,10966,2922,5598,1041,904,7928,7607,9535,8803,12130,12483,16178,16616,19610,19648,15825,16496,8857,10720,2846,5459,145580,138397,19796,18398,27873,27040,8839,14,12
2021-08-19T23:59:59+02:00,1403,1242,8960,8471,10185,9540,12760,13236,16881,17307,20219,20279,16162,16867,9024,10965,2922,5597,921,790,7667,7338,9406,8697,11986,12364,16084,16511,19513,19561,15783,16449,8846,10701,2845,5451,145538,136669,19793,18390,27872,27031,8811,14,12
2021-08-18T23:59:59+02:00,1379,1210,8914,8435,10158,9509,12732,13201,16851,17284,20193,20250,16149,16853,9018,10959,2918,5592,920,789,7654,7328,9394,8689,11972,12347,16070,16502,19505,19552,15777,16442,8842,10697,2842,5448,145232,136622,19780,18389,27869,27030,8717,14,12
2021-08-17T23:59:59+02:00,1354,1197,8878,8403,10143,9488,12716,13176,16836,17263,20170,20228,16141,16843,9015,10952,2916,5587,915,787,7641,7313,9377,8681,11961,12338,16063,16492,19494,19546,15770,16436,8841,10695,2841,5446,144987,136552,19777,18384,27868,27024,8667,14,10
2021-08-16T23:59:59+02:00,1331,1179,8840,8377,10124,9469,12692,13151,16826,17246,20150,20213,16136,16831,9011,10951,2915,5587,914,787,7632,7301,9361,8678,11951,12332,16060,16487,19485,19539,15767,16433,8841,10695,2841,5446,144753,136511,19775,18380,27868,27023,8626,14,10
2021-08-15T23:59:59+02:00,1313,1162,8821,8358,10111,9455,12676,13138,16813,17237,20136,20200,16130,16825,9011,10946,2915,5587,912,786,7620,7291,9344,8662,11937,12321,16053,16479,19479,19534,15758,16429,8840,10692,2841,5446,144606,136453,19774,18375,27865,27004,8582,14,10
2021-08-14T23:59:59+02:00,1312,1162,8821,8358,10110,9455,12675,13136,16813,17236,20135,20198,16130,16825,9011,10946,2915,5587,793,669,7303,6999,9199,8495,11764,12156,15935,16349,19385,19446,15732,16405,8831,10679,2841,5442,144600,134466,19774,18373,27865,26995,8579,14,10
2021-08-13T23:59:59+02:00,1307,1160,8809,8349,10100,9447,12662,13125,16797,17227,20127,20190,16127,16820,9009,10945,2914,5587,632,524,6917,6639,9031,8335,11556,11939,15715,16169,19244,19323,15698,16366,8819,10665,2839,5438,144570,131988,19774,18373,27865,26992,8486,14,10
2021-08-12T23:59:59+02:00,1307,1160,8808,8346,10093,9441,12659,13125,16791,17218,20123,20185,16126,16816,9007,10943,2914,5587,628,522,6910,6632,9017,8327,11544,11937,15704,16162,19240,19317,15696,16361,8817,10664,2839,5438,144554,131952,19773,18370,27865,26974,8449,14,10
2021-08-11T23:59:59+02:00,1304,1156,8804,8339,10084,9434,12652,13121,16785,17214,20117,20183,16124,16813,9006,10943,2914,5586,624,521,6903,6621,8999,8316,11533,11933,15700,16155,19232,19311,15692,16358,8816,10664,2839,5436,144505,131887,19769,18364,27865,26960,8432,14,10
2021-08-10T23:59:59+02:00,1303,1156,8802,8337,10080,9428,12649,13116,16783,17212,20116,20178,16122,16811,9006,10942,2914,5586,607,513,6858,6575,8965,8300,11514,11913,15674,16143,19225,19301,15690,16356,8816,10662,2839,5436,144476,131641,19769,18360,27865,26953,8423,14,10
2021-08-09T23:59:59+02:00,1303,1154,8796,8334,10076,9419,12647,13113,16776,17210,20110,20178,16120,16811,9005,10942,2914,5586,601,508,6839,6552,8944,8280,11501,11902,15658,16131,19219,19296,15687,16355,8814,10661,2839,5436,144448,131506,19769,18356,27863,26944,8407,13,10
2021-08-08T23:59:59+02:00,1303,1153,8793,8328,10074,9415,12638,13110,16771,17206,20108,20175,16118,16807,9004,10941,2913,5585,600,506,6836,6541,8930,8273,11484,11894,15651,16122,19217,19291,15684,16351,8813,10660,2838,5435,144436,131459,19768,18349,27863,26940,8368,13,10
2021-08-07T23:59:59+02:00,1303,1145,8785,8321,10065,9408,12635,13104,16764,17202,20101,20170,16114,16802,9002,10940,2912,5585,423,359,6184,5971,8659,8050,11213,11663,15452,15947,19131,19215,15664,16327,8806,10653,2835,5434,144390,128370,19767,18336,27863,26939,8331,13,10
2021-08-06T23:59:59+02:00,1297,1144,8776,8309,10051,9396,12615,13085,16746,17190,20084,20158,16107,16794,9002,10937,2912,5584,420,358,6171,5957,8643,8035,11189,11641,15430,15930,19114,19203,15657,16320,8806,10650,2835,5433,144352,128315,19764,18329,27863,26937,8201,13,10
2021-08-05T23:59:59+02:00,1294,1142,8768,8302,10042,9387,12601,13077,16740,17187,20076,20154,16106,16794,9002,10936,2912,5584,418,353,5887,5721,8293,7738,10825,11365,15106,15692,18865,19035,15637,16295,8796,10643,2834,5432,144303,128218,19760,15628,27859,26904,8175,13,10
2021-08-04T23:59:59+02:00,1293,1139,8762,8298,10037,9385,12595,13073,16735,17185,20074,20151,16106,16794,9001,10935,2912,5583,416,351,5873,5713,8264,7728,10804,11353,15089,15686,18860,19030,15636,16292,8795,10643,2834,5432,144271,128118,19759,15620,27858,26888,8163,13,10
2021-08-03T23:59:59+02:00,1286,1136,8758,8288,10032,9381,12590,13070,16730,17183,20069,20150,16104,16794,9000,10933,2912,5582,395,335,5761,5600,8169,7658,10687,11276,15040,15633,18831,19015,15632,16290,8794,10641,2832,5431,144228,127391,19757,15612,27858,26859,8148,13,10
2021-08-02T23:59:59+02:00,1280,1130,8745,8280,10025,9374,12585,13064,16725,17173,20062,20146,16102,16791,8998,10930,2911,5581,358,303,5591,5440,8040,7552,10562,11160,14968,15550,18799,18990,15624,16281,8788,10641,2832,5431,144147,126325,19751,15607,27857,26828,8140,13,10
2021-08-01T23:59:59+02:00,1278,1129,8738,8273,10018,9367,12579,13062,16720,17171,20057,20144,16102,16791,8997,10928,2911,5581,342,283,5531,5383,7990,7503,10500,11108,14932,15525,18786,18972,15621,16278,8786,10638,2832,5429,144103,125886,19749,15603,27856,26809,8131,13,10
2021-07-31T23:59:59+02:00,1278,1129,8737,8270,10018,9366,12576,13062,16719,17171,20056,20142,16102,16791,8997,10928,2911,5581,337,279,5505,5362,7974,7490,10481,11094,14919,15519,18781,18969,15620,16277,8786,10638,2832,5429,144101,125753,19748,15599,27856,26808,8122,13,10
2021-07-30T23:59:59+02:00,1146,1008,8509,8042,9925,9247,12496,12978,16639,17099,19996,20075,16070,16752,8991,10911,2910,5578,281,216,5212,5089,7836,7349,10293,10901,14783,15354,18713,18912,15596,16249,8773,10625,2828,5425,142647,123927,19746,15591,27856,26791,8116,13,10
2021-07-29T23:59:59+02:00,1139,1000,8379,7953,9770,9150,12344,12877,16490,17004,19833,19966,15984,16683,8966,10892,2909,5571,234,183,4918,4857,7561,7158,10014,10700,14536,15179,18519,18793,15510,16174,8746,10604,2827,5415,142526,122825,19743,15550,27856,26765,6778,13,10
2021-07-28T23:59:59+02:00,1128,986,8350,7917,9756,9134,12322,12862,16472,16981,19815,19956,15977,16670,8959,10888,2909,5569,137,108,4496,4429,7244,6907,9695,10400,14300,14997,18462,18752,15495,16163,8741,10593,2827,5405,142284,120178,19741,15496,27854,26702,6765,13,10
2021-07-27T23:59:59+02:00,1118,978,8326,7903,9743,9127,12310,12853,16465,16975,19808,19943,15975,16664,8957,10885,2908,5567,111,92,4261,4182,7013,6708,9448,10121,14142,14836,18411,18686,15446,16117,8724,10577,2824,5398,142146,118158,19739,15493,27854,26677,6759,13,10
2021-07-26T23:59:59+02:00,1114,975,8313,7891,9736,9122,12304,12847,16458,16967,19801,19942,15972,16659,8955,10881,2907,5562,108,86,4154,4075,6910,6596,9321,9999,14058,14753,18364,18652,15435,16106,8714,10569,2821,5396,142067,117253,19736,15482,27843,26619,6753,13,10
2021-07-25T23:59:59+02:00,1113,974,8304,7888,9723,9118,12294,12844,16453,16960,19798,19941,15970,16659,8955,10881,2907,5562,106,84,4104,4025,6832,6547,9249,9943,14021,14721,18339,18638,15417,16093,8707,10563,2821,5394,142041,116812,19732,15465,27842,26596,6721,13,10
2021-07-24T23:59:59+02:00,1111,971,8218,7826,9650,9038,12227,12767,16385,16907,19757,19903,15949,16645,8952,10871,2907,5561,99,82,4060,3981,6771,6496,9170,9886,13955,14656,18307,18612,15406,16082,8699,10559,2821,5394,142021,116549,19075,15184,27842,26594,6699,13,10
2021-07-23T23:59:59+02:00,1085,946,8106,7736,9612,9003,12193,12738,16340,16873,19729,19884,15944,16638,8948,10867,2907,5561,85,68,3768,3699,6515,6291,8886,9600,13719,14477,18226,18551,15364,16039,8681,10540,2819,5388,141528,114301,19075,15160,27842,26588,6657,13,10
2021-07-22T23:59:59+02:00,992,859,7891,7506,9509,8914,12075,12642,16249,16789,19654,19799,15898,16598,8939,10852,2906,5555,67,51,3643,3572,6363,6197,8732,9471,13554,14334,18151,18483,15343,16013,8673,10530,2819,5387,140068,113150,19073,15087,27835,26493,6643,13,10
2021-07-21T23:59:59+02:00,972,845,7859,7466,9491,8903,12053,12619,16225,16773,19630,19778,15887,16591,8939,10847,2906,5555,54,38,3337,3308,6018,5938,8337,9088,13289,14099,18009,18358,15251,15932,8641,10500,2816,5375,139810,110345,19071,15016,27830,26397,6620,13,10
2021-07-20T23:59:59+02:00,972,844,7851,7461,9483,8900,12048,12617,16217,16772,19625,19773,15885,16588,8939,10846,2906,5555,50,31,3264,3256,5958,5882,8279,9030,13204,14055,17977,18343,15251,15932,8641,10498,2816,5375,139771,109958,19070,15001,27827,26265,6608,11,10
2021-07-19T23:59:59+02:00,971,844,7844,7459,9479,8892,12043,12615,16212,16766,19622,19773,15883,16585,8939,10844,2906,5554,48,30,3212,3221,5908,5842,8217,8985,13146,14028,17931,18330,15251,15929,8641,10496,2816,5374,139733,109677,19069,14984,27827,26138,6596,11,10
2021-07-18T23:59:59+02:00,970,843,7833,7451,9475,8888,12034,12610,16207,16760,19620,19771,15882,16583,8939,10844,2906,5554,47,30,3192,3203,5869,5809,8182,8955,13107,14013,17915,18325,15251,15928,8641,10496,2816,5373,139689,109487,19068,14950,27825,26123,6582,11,10
2021-07-17T23:59:59+02:00,855,724,7511,7161,9323,8718,11860,12448,16078,16621,19523,19676,15861,16562,8931,10831,2906,5551,32,23,3091,3096,5757,5717,8050,8794,12966,13885,17820,18247,15241,15910,8638,10489,2816,5373,137679,108305,19067,14945,27825,26119,6566,8,10
2021-07-16T23:59:59+02:00,698,573,7122,6834,9144,8561,11668,12237,15876,16446,19381,19551,15831,16526,8921,10817,2905,5549,25,20,3029,3035,5681,5654,7936,8686,12846,13748,17741,18172,15219,15894,8634,10487,2815,5373,135216,107403,19067,14940,27824,26112,6530,8,10
2021-07-15T23:59:59+02:00,696,573,7108,6825,9140,8558,11655,12233,15865,16439,19377,19545,15829,16523,8916,10815,2904,5540,24,20,2988,2999,5615,5611,7846,8636,12769,13707,17711,18145,15196,15877,8626,10480,2814,5364,135171,107166,19064,14786,27819,25983,6483,8,10
2021-07-14T23:59:59+02:00,693,572,7099,6816,9135,8556,11651,12228,15859,16436,19372,19540,15827,16520,8913,10812,2904,5536,24,20,2966,2986,5574,5579,7810,8615,12736,13691,17693,18134,15189,15874,8623,10476,2814,5360,135137,107013,19063,14752,27819,25943,6446,8,10
2021-07-13T23:59:59+02:00,688,570,7074,6799,9123,8539,11642,12213,15848,16417,19362,19534,15818,16516,8909,10802,2899,5528,22,19,2910,2935,5510,5513,7650,8477,12482,13472,17537,18005,15170,15863,8611,10463,2809,5349,135012,105794,19063,14699,27816,25908,6386,8,10
2021-07-12T23:59:59+02:00,682,562,7061,6784,9112,8528,11632,12203,15843,16404,19350,19530,15816,16512,8907,10802,2899,5525,21,17,2853,2881,5428,5438,7502,8362,12233,13259,17356,17858,15160,15858,8607,10456,2808,5349,134897,104553,19061,14646,27812,25859,6378,8,10
2021-07-11T23:59:59+02:00,681,561,7052,6782,9102,8520,11624,12195,15833,16401,19345,19525,15816,16509,8906,10800,2899,5525,20,16,2822,2846,5351,5365,7403,8275,12066,13102,17230,17725,15151,15847,8606,10453,2808,5349,134852,103662,19057,14597,27812,25815,6351,8,10
2021-07-10T23:59:59+02:00,507,403,6491,6232,8876,8334,11382,12003,15676,16268,19290,19476,15808,16499,8902,10795,2898,5524,18,12,2793,2812,5300,5319,7320,8195,11962,13002,17152,17657,15136,15831,8603,10442,2805,5347,132161,102965,19057,14595,27812,25806,6330,8,10
2021-07-09T23:59:59+02:00,496,396,6433,6204,8849,8297,11342,11975,15648,16255,19277,19460,15807,16496,8902,10792,2898,5524,16,12,2736,2745,5219,5250,7141,8018,11550,12703,16854,17448,15116,15803,8596,10437,2803,5345,132069,101938,18847,13733,27811,25791,6320,8,10
2021-07-08T23:59:59+02:00,490,394,6117,5946,8478,8009,10963,11669,15309,16008,19019,19287,15785,16472,8893,10785,2895,5523,15,11,2675,2694,5136,5173,7001,7927,11349,12561,16702,17324,15109,15795,8596,10435,2803,5344,131980,101072,15963,13563,27806,25716,6289,8,10
2021-07-07T23:59:59+02:00,488,390,6102,5934,8454,7994,10949,11652,15298,15998,19018,19282,15783,16468,8892,10783,2895,5521,15,11,2627,2642,5045,5112,6863,7833,11114,12379,16538,17190,15101,15788,8591,10429,2803,5344,131872,100049,15954,13436,27804,25667,6263,8,10
2021-07-06T23:59:59+02:00,461,370,6001,5842,8381,7928,10876,11583,15265,15958,18995,19266,15775,16458,8889,10781,2892,5519,12,10,2559,2572,4913,4998,6681,7700,10725,11967,16165,16813,15075,15755,8583,10422,2802,5340,131255,97888,15946,13355,27799,25607,6232,8,10
2021-07-05T23:59:59+02:00,420,336,5823,5672,8264,7836,10762,11468,15206,15888,18963,19235,15769,16450,8885,10776,2889,5518,8,8,2507,2495,4815,4900,6548,7563,10373,11649,15891,16507,15045,15725,8575,10407,2802,5335,130209,96092,15942,13291,27796,25555,6205,8,10
2021-07-04T23:59:59+02:00,400,306,5749,5593,8207,7779,10695,11410,15176,15857,18949,19216,15762,16446,8884,10774,2889,5516,7,8,2488,2466,4753,4853,6487,7513,10236,11539,15790,16435,15040,15718,8573,10406,2801,5335,129703,95528,15935,13222,27791,25517,6171,8,10
2021-07-03T23:59:59+02:00,394,304,5729,5581,8196,7770,10682,11406,15169,15851,18946,19213,15762,16446,8884,10774,2889,5516,6,8,2453,2436,4657,4824,6379,7487,10178,11493,15685,16349,14361,15011,8554,10381,2801,5335,129628,95412,15932,13220,27791,23603,6153,8,10
2021-07-02T23:59:59+02:00,348,265,5541,5433,8122,7699,10584,11309,15105,15794,18927,19206,15758,16442,8879,10772,2887,5513,6,8,2406,2388,4500,4746,6196,7413,10024,11336,15494,16146,13568,14092,8546,10366,2801,5334,128717,94849,15929,13176,27790,21195,6140,8,10
2021-07-01T23:59:59+02:00,286,210,5325,5251,7994,7587,10443,11183,14977,15700,18883,19181,15751,16434,8874,10766,2887,5512,5,7,2289,2268,4323,4573,5958,7159,9243,10651,14866,15674,13543,14063,8541,10361,2797,5332,127429,91350,15916,13080,27789,21111,6102,8,10
2021-06-30T23:59:59+02:00,156,120,4843,4780,7654,7309,10088,10845,14750,15523,18826,19137,15740,16423,8870,10758,2887,5509,5,7,2253,2222,4237,4501,5844,7062,9071,10526,14776,15597,13529,14055,8538,10358,2797,5330,124443,90747,15910,12907,27789,20976,6068,8,10
2021-06-29T23:59:59+02:00,119,98,4559,4500,7404,7089,9798,10545,14553,15333,18762,19077,15688,16373,8850,10743,2886,5504,4,6,2185,2141,4094,4364,5637,6881,8844,10297,14481,15372,13482,14007,8525,10334,2795,5317,122374,89291,15906,12755,27787,20904,5806,8,10
2021-06-28T23:59:59+02:00,103,78,4423,4359,7299,6978,9676,10420,14460,15225,18717,19034,15672,16357,8836,10732,2883,5502,2,5,2098,2014,3912,4158,5356,6539,8459,9785,13948,14835,13363,13918,8506,10310,2792,5303,121361,86078,15895,12674,27784,20837,5706,8,8
2021-06-27T23:59:59+02:00,98,76,4370,4313,7241,6923,9616,10365,14427,15191,18697,19017,15655,16345,8829,10725,2882,5497,2,4,2045,1980,3848,4112,5242,6425,8291,9656,13772,14722,13337,13899,8497,10301,2789,5301,120997,85285,15891,12639,27782,20702,5589,8,8
2021-06-26T23:59:59+02:00,85,74,4325,4283,7210,6895,9598,10344,14407,15175,18684,19004,15651,16339,8829,10725,2882,5497,2,4,1969,1888,3660,3954,5028,6168,7928,9199,13421,14426,13257,13840,8477,10273,2784,5292,120753,82649,15885,12639,27782,20695,5579,8,8
2021-06-25T23:59:59+02:00,72,61,4014,3961,6949,6659,9305,10051,14184,14986,18600,18947,15605,16294,8810,10706,2880,5491,2,4,1904,1804,3495,3832,4834,5937,7602,8784,13109,14090,13207,13784,8464,10248,2778,5286,118360,80292,15858,12607,27782,20690,5567,8,8
2021-06-24T23:59:59+02:00,65,54,3920,3871,6848,6573,9204,9961,14084,14900,18572,18914,15590,16277,8804,10699,2880,5490,2,4,1834,1731,3379,3735,4634,5794,7383,8584,12860,13888,12372,12852,8284,9985,2778,5285,117628,79070,15849,12501,27778,18362,5443,8,8
2021-06-23T23:59:59+02:00,51,49,3515,3500,6396,6226,8673,9454,13749,14598,18436,18778,15486,16185,8761,10663,2877,5476,2,4,1696,1560,3124,3531,4215,5464,6435,7873,12116,13189,12349,12840,8274,9978,2778,5281,114700,78433,15602,9171,27777,18311,4786,8,8
2021-06-22T23:59:59+02:00,42,41,3441,3427,6316,6167,8570,9376,13698,14551,18403,18761,15475,16178,8760,10658,2877,5473,2,4,1655,1507,3020,3428,4071,5314,6181,7688,11504,12478,12259,12746,8256,9945,2774,5273,114070,76091,15596,9089,27775,18152,4765,8,8
2021-06-21T23:59:59+02:00,36,38,3370,3366,6224,6106,8509,9304,13637,14505,18370,18741,15473,16177,8759,10657,2877,5472,1,4,1620,1456,2929,3331,3944,5164,5985,7460,10745,11560,11872,12290,7180,8714,2768,5266,113545,73435,15588,8987,27773,15152,4707,8,8
2021-06-20T23:59:59+02:00,36,37,3345,3344,6176,6075,8465,9272,13609,14487,18359,18737,15472,16177,8759,10657,2877,5472,0,4,1602,1439,2892,3303,3894,5126,5933,7435,10656,11484,11852,12271,7177,8707,2767,5266,113366,73117,15571,8909,27773,15136,4638,8,8
2021-06-19T23:59:59+02:00,34,35,3318,3320,6147,6052,8434,9253,13585,14481,18352,18732,15472,16176,8759,10657,2877,5472,0,4,1598,1427,2887,3294,3886,5121,5917,7430,10645,11476,11852,12271,7177,8706,2767,5266,113172,73036,15565,8909,27773,15133,4638,8,8
2021-06-18T23:59:59+02:00,30,30,3275,3277,6073,6013,8365,9198,13539,14449,18328,18721,15471,16174,8758,10656,2877,5472,0,4,1523,1333,2750,3118,3701,4844,5521,7057,9152,9908,11686,12103,7135,8656,2755,5248,112787,67855,15537,8908,27773,15122,4601,8,8
2021-06-17T23:59:59+02:00,27,26,3212,3225,6003,5974,8290,9143,13467,14404,18304,18710,15469,16169,8756,10653,2877,5469,0,4,1397,1240,2561,2905,3439,4551,5159,6661,8481,9177,11401,11860,7094,8598,2751,5245,112408,64143,15507,8793,27768,15093,4487,8,8
2021-06-16T23:59:59+02:00,27,23,3157,3163,5890,5907,8170,9049,13338,14319,18238,18673,15463,16160,8756,10650,2877,5469,0,4,1299,1184,2420,2799,3256,4390,4873,6387,7403,7886,11310,11752,7063,8560,2738,5227,111765,60377,15433,8747,27764,15060,4359,8,8
2021-06-15T23:59:59+02:00,22,22,3062,3076,5772,5819,7985,8871,13075,14099,18089,18545,15448,16148,8748,10644,2877,5467,0,4,1262,1151,2346,2744,3152,4315,4670,6262,7090,7634,10814,11193,7029,8526,2730,5214,110343,58129,15406,8715,27754,15027,4258,8,7
2021-06-14T23:59:59+02:00,21,20,2989,3006,5692,5761,7842,8751,12784,13862,17901,18369,15432,16134,8741,10639,2876,5466,0,4,1235,1123,2281,2687,3027,4220,4469,6123,6747,7328,10286,10581,6998,8489,2726,5204,108949,55755,15397,8608,27750,14977,4182,8,6
2021-06-13T23:59:59+02:00,21,20,2971,2975,5627,5722,7779,8685,12644,13728,17795,18247,15426,16125,8740,10636,2875,5466,0,4,1224,1110,2253,2671,2990,4209,4422,6103,6714,7311,10281,10574,6998,8488,2726,5204,108211,55612,15386,8599,27746,14934,4131,8,6
2021-06-12T23:59:59+02:00,19,20,2942,2957,5597,5695,7748,8666,12624,13709,17787,18244,15425,16123,8740,10636,2875,5466,0,4,1169,1048,2165,2595,2896,4072,4280,5970,6605,7226,10199,10496,6403,7761,2726,5204,108007,55496,15383,8598,27746,12590,4129,8,6
2021-06-11T23:59:59+02:00,19,17,2865,2883,5528,5630,7567,8480,12214,13402,17505,18038,15409,16098,8734,10628,2872,5464,0,4,1145,1032,2110,2554,2831,4023,4195,5908,6494,7135,10096,10383,6389,7754,2724,5198,106992,54970,14490,8330,27745,12551,4118,8,6
2021-06-10T23:59:59+02:00,15,15,2810,2841,5428,5577,7435,8399,12028,13263,17367,17921,15404,16094,8734,10627,2871,5463,0,4,1104,1007,2035,2487,2730,3945,4026,5777,6249,6922,9845,10114,6369,7726,2718,5192,106072,53403,14416,8326,27741,12460,4055,8,6
2021-06-09T23:59:59+02:00,14,14,2732,2773,5306,5482,7212,8228,11749,13020,17181,17772,15393,16080,8730,10618,2871,5460,0,4,1047,942,1904,2369,2525,3762,3700,5494,5627,6408,9021,9209,6312,7650,2705,5157,104864,49388,14264,8308,27732,12367,3767,8,6
2021-06-08T23:59:59+02:00,11,10,2635,2669,5171,5356,7015,8043,11319,12592,16804,17383,15374,16053,8719,10611,2870,5455,0,4,1010,913,1834,2304,2419,3689,3560,5427,5475,6276,8987,9190,6310,7638,2703,5153,102658,48874,14237,8257,27730,12298,3457,8,6
2021-06-07T23:59:59+02:00,9,9,2508,2571,4979,5227,6808,7878,10841,12233,16461,17087,15349,16025,8713,10594,2869,5451,0,4,941,876,1703,2249,2278,3605,3305,5337,5120,5991,8438,8564,6257,7579,2699,5143,100726,46656,14195,8241,27721,12224,2962,8,6
2021-06-06T23:59:59+02:00,9,7,2470,2546,4917,5170,6722,7820,10702,12123,16370,17022,15346,16022,8713,10594,2867,5450,0,4,925,866,1675,2228,2232,3577,3235,5313,5071,5967,8433,8562,6252,7571,2699,5142,100133,46492,14142,8230,27715,12152,2872,8,6
2021-06-05T23:59:59+02:00,8,6,2456,2524,4888,5145,6685,7789,10673,12096,16361,17015,15346,16022,8713,10594,2867,5450,0,4,909,851,1642,2198,2192,3521,3129,5230,4718,5635,7837,7856,6224,7517,2698,5140,99905,44097,14142,8224,27715,12106,2868,8,6
2021-06-04T23:59:59+02:00,7,5,2425,2495,4843,5101,6637,7736,10584,11991,16309,16951,15342,16015,8713,10593,2866,5449,0,4,897,833,1620,2177,2150,3484,3077,5171,4553,5445,7535,7488,6188,7475,2696,5134,99374,42808,14135,8222,27715,12061,2830,8,6
2021-06-03T23:59:59+02:00,7,5,2322,2367,4692,4928,6429,7488,9881,11356,15719,16499,15331,16005,8710,10587,2865,5448,0,4,880,803,1580,2118,2103,3403,2987,5061,4406,5278,7374,7298,6176,7448,2696,5130,96031,41757,14096,8211,27710,11977,2794,8,6
2021-06-02T23:59:59+02:00,7,5,2305,2343,4647,4896,6374,7451,9781,11268,15659,16446,15323,16001,8709,10583,2865,5447,0,3,869,791,1561,2095,2049,3365,2901,4975,4044,4889,6816,6658,6132,7391,2692,5119,95508,39416,14094,8206,27710,11932,2790,8,6
2021-06-01T23:59:59+02:00,6,4,2242,2303,4526,4803,6207,7332,9592,11120,15550,16369,15320,15997,8705,10579,2864,5442,0,2,835,764,1496,2045,1933,3302,2748,4881,3840,4760,6606,6426,6109,7372,2686,5110,94630,38326,14043,8184,27698,11817,2582,8,6
2021-05-31T23:59:59+02:00,2,4,2193,2244,4426,4708,6062,7207,9406,10971,15465,16313,15312,15990,8702,10579,2864,5442,0,2,811,730,1438,1986,1861,3253,2573,4825,3709,4706,6250,6011,6086,7351,2683,5102,93904,37145,13956,8177,27688,11715,2334,8,6
2021-05-30T23:59:59+02:00,2,4,2168,2222,4370,4647,5967,7147,9331,10908,15428,16293,15311,15987,8702,10579,2864,5442,0,2,799,719,1415,1962,1812,3226,2440,4790,3603,4688,6248,6009,6085,7351,2683,5102,93450,36826,13917,8155,27678,11628,2319,8,6
2021-05-29T23:59:59+02:00,2,4,2152,2207,4350,4635,5950,7130,9318,10895,15423,16289,15310,15987,8702,10579,2864,5442,0,2,781,668,1322,1703,1678,2864,2240,4242,3324,4258,6158,5915,5973,7219,2682,5102,93320,36773,13914,8150,27678,8883,2319,8,6
2021-05-28T23:59:59+02:00,2,4,2131,2184,4312,4589,5905,7085,9240,10825,15355,16236,15306,15985,8702,10579,2864,5441,0,2,764,578,1244,1451,1580,2462,2062,3553,3060,3663,5521,5174,5891,7128,2678,5089,92842,35473,13901,8150,27676,5953,2318,8,6
2021-05-27T23:59:59+02:00,2,4,2089,2146,4227,4520,5783,7011,9084,10725,15258,16152,15305,15984,8702,10579,2864,5441,0,2,734,544,1213,1368,1539,2325,1991,3410,2947,3544,5084,4693,5858,7088,2667,5060,92158,34349,13753,8141,27653,5268,2304,8,5
2021-05-26T23:59:59+02:00,2,4,2021,2028,4031,4373,5442,6747,8112,9981,14496,15449,15293,15978,8698,10573,2862,5438,0,2,723,529,1187,1307,1492,2266,1933,3295,2795,3401,3776,3310,5799,7014,2644,5001,91380,31067,10226,8124,27636,5001,2278,8,4
2021-05-25T23:59:59+02:00,2,4,1984,1991,3951,4307,5349,6681,7977,9874,14118,15013,15245,15941,8691,10558,2860,5434,0,2,718,522,1159,1273,1474,2241,1913,3267,2769,3375,3770,3300,5792,7011,2642,5000,90035,30978,10077,8114,27620,4892,2240,8,4
2021-05-24T23:59:59+02:00,2,4,1958,1947,3864,4231,5243,6599,7851,9750,13607,14397,15194,15874,8684,10545,2859,5429,0,2,712,514,1140,1261,1442,2226,1891,3248,2743,3353,3753,3282,5770,6987,2633,4985,88246,30845,9997,8063,27608,4852,2179,8,3
2021-05-23T23:59:59+02:00,2,4,1949,1935,3845,4209,5225,6586,7798,9719,13531,14335,15183,15870,8682,10544,2858,5429,0,2,705,504,1129,1248,1417,2202,1835,3212,2634,3255,3341,2849,5126,6177,2618,4940,88012,30672,9897,5509,27608,4831,2179,8,3
2021-05-22T23:59:59+02:00,2,4,1783,1892,3544,4160,4828,6543,7543,9661,13408,14258,15177,15869,8682,10543,2858,5429,0,2,544,472,837,1207,1045,2166,1597,3159,2522,3182,3338,2847,5126,6176,2618,4940,87861,30660,9896,5507,27606,4795,813,8,3
2021-05-21T23:59:59+02:00,2,3,1698,1785,3388,3968,4636,6248,7146,9296,12118,12929,15027,15721,8646,10496,2849,5418,0,1,539,460,827,1205,1043,2158,1562,3129,2444,3106,3163,2710,5100,6133,2615,4925,83100,30024,9855,5506,27600,4776,811,8,3
2021-05-20T23:59:59+02:00,2,3,1661,1751,3293,3918,4528,6164,6969,9214,11908,12700,15006,15703,8642,10489,2848,5417,0,1,518,445,786,1158,986,2093,1440,3057,2318,3009,2973,2539,5059,6057,2607,4910,82257,29275,9753,5491,27546,4534,653,7,3
2021-05-19T23:59:59+02:00,2,3,1640,1725,3235,3862,4434,6094,6852,9149,11675,12438,14995,15692,8639,10488,2848,5416,0,1,509,434,770,1120,970,2024,1330,2911,1991,2715,2409,2045,4954,5939,2585,4863,81433,27210,9614,5476,27519,4267,614,7,3
2021-05-18T23:59:59+02:00,2,3,1580,1692,3145,3774,4321,5990,6692,8991,11383,12181,14950,15645,8627,10465,2846,5406,0,1,506,422,754,1105,952,2006,1247,2847,1711,2491,1965,1701,4881,5855,2564,4820,80333,25666,9411,5466,27451,4202,491,7,3
2021-05-17T23:59:59+02:00,2,3,1531,1611,3015,3616,4117,5711,6343,8529,10832,11631,14841,15552,8608,10440,2841,5395,0,1,504,414,748,1098,933,2001,1223,2822,1684,2454,1949,1681,4874,5848,2561,4817,77429,25601,9374,5452,27427,4175,381,7,3
2021-05-16T23:59:59+02:00,2,3,1512,1589,2962,3574,4022,5624,6194,8393,10657,11497,14815,15530,8600,10432,2840,5393,0,1,497,408,726,1083,902,1985,1194,2794,1651,2430,1942,1672,4871,5844,2558,4815,76682,25569,9315,5434,27397,4129,238,7,3
2021-05-15T23:59:59+02:00,2,3,1426,1492,2754,3408,3794,5347,5835,7920,10304,11201,14730,15468,8581,10403,2834,5384,0,1,497,406,722,1081,902,1981,1189,2793,1645,2425,1930,1660,4864,5838,2558,4813,73937,25507,9315,5434,27390,4124,237,7,3
2021-05-14T23:59:59+02:00,2,3,1392,1429,2643,3311,3642,5190,5635,7631,10083,10946,14695,15430,8568,10380,2831,5380,0,1,448,368,651,916,829,1695,1061,2381,1463,2100,1896,1619,4861,5830,2557,4809,72288,25444,9296,5432,27367,2373,233,7,3
2021-05-13T23:59:59+02:00,2,3,1334,1362,2540,3227,3473,5053,5415,7426,9856,10766,14669,15401,8558,10377,2829,5377,0,1,441,356,624,888,727,1588,961,2296,1199,1885,1176,1038,4639,5595,2549,4776,71124,25323,8983,2886,27336,2309,218,7,3
2021-05-12T23:59:59+02:00,2,3,1326,1352,2523,3221,3455,5039,5394,7413,9841,10755,14667,15397,8556,10375,2828,5377,0,1,441,355,623,887,723,1587,956,2296,1195,1879,1157,1029,4626,5557,2515,4707,71007,25122,8959,2886,27334,2306,217,7,3
2021-05-11T23:59:59+02:00,2,2,1285,1309,2450,3139,3341,4913,5198,7266,9553,10446,14619,15339,8544,10355,2824,5368,0,1,436,342,605,872,701,1570,928,2272,1169,1852,1102,993,4562,5459,2472,4583,69666,24628,8835,2868,27250,2225,195,7,3
2021-05-10T23:59:59+02:00,2,2,1263,1282,2385,3061,3213,4787,5066,7109,9229,10065,14574,15300,8535,10336,2819,5366,0,1,435,340,592,863,688,1555,916,2257,1152,1838,1066,958,4500,5382,2431,4464,68308,24210,8712,2865,27180,2173,187,7,3
2021-05-09T23:59:59+02:00,2,2,1248,1265,2343,3045,3135,4751,5001,7076,9162,10020,14561,15284,8533,10331,2819,5364,0,1,427,338,578,858,666,1535,894,2237,1140,1824,1047,942,4487,5344,2415,4421,68066,24047,8636,2863,27131,2139,102,7,3
2021-05-08T23:59:59+02:00,1,2,1246,1261,2329,3033,3117,4739,4962,7061,9138,10012,14560,15284,8533,10330,2819,5364,0,1,427,338,577,858,665,1535,894,2236,1139,1823,1047,942,4486,5344,2415,4421,67923,24045,8630,2860,27129,2138,102,7,3
2021-05-07T23:59:59+02:00,1,2,1226,1240,2289,2992,3065,4691,4863,6969,8913,9765,14543,15261,8527,10324,2816,5360,0,1,378,312,545,789,628,1373,824,2028,1050,1634,1017,913,4465,5321,2413,4416,67012,23938,8623,2856,27103,1208,102,7,3
2021-05-06T23:59:59+02:00,1,2,1081,1149,2061,2749,2765,4383,4492,6568,8326,9161,14265,15024,8487,10268,2813,5359,0,1,377,308,532,770,611,1342,805,1993,1017,1606,989,879,4455,5307,2411,4412,63391,23805,8493,2805,26967,1106,96,7,3
2021-05-05T23:59:59+02:00,1,1,1016,1097,1950,2637,2605,4210,4196,6289,7310,7975,14179,14925,8452,10227,2800,5339,0,1,374,305,524,760,596,1332,772,1979,991,1586,916,816,4414,5235,2403,4396,59864,23484,8447,2784,26843,1081,48,7,3
2021-05-04T23:59:59+02:00,1,1,994,1077,1899,2598,2503,4142,3976,6174,7029,7757,13673,14358,8421,10194,2795,5330,0,1,371,304,519,756,584,1327,755,1960,975,1579,897,792,4392,5219,2400,4387,57804,23348,8388,2768,26683,1059,40,7,3
2021-05-03T23:59:59+02:00,1,1,963,1042,1837,2545,2397,4030,3775,6056,6669,7455,13138,13732,8384,10156,2788,5315,0,1,366,303,517,750,574,1320,746,1949,961,1566,871,768,4374,5201,2394,4374,55373,23236,8362,2758,26542,1038,0,7,3
2021-05-02T23:59:59+02:00,1,1,958,1041,1818,2539,2367,4021,3730,6046,6632,7446,13137,13731,8384,10155,2788,5315,0,1,366,303,514,750,573,1318,741,1949,960,1562,869,764,4372,5196,2394,4374,55232,23216,8356,2756,26515,1031,0,7,3
2021-05-01T23:59:59+02:00,1,1,958,1039,1810,2535,2355,4013,3715,6038,6618,7436,13136,13728,8384,10155,2788,5315,0,1,366,303,514,750,573,1318,740,1948,958,1562,869,764,4372,5196,2394,4374,55151,23216,8354,2752,26513,1031,0,7,3
2021-04-30T23:59:59+02:00,0,1,942,1034,1791,2519,2334,3978,3678,6005,6537,7382,13041,13624,8383,10150,2785,5303,0,1,317,248,473,674,544,1138,709,1725,924,1358,858,746,4368,5193,2394,4374,54652,23202,8353,2747,26475,92,0,7,3
2021-04-29T23:59:59+02:00,0,1,889,1010,1735,2469,2271,3919,3530,5879,6299,7159,12780,13349,8361,10121,2781,5296,0,1,310,246,463,667,541,1130,702,1714,913,1349,850,731,4359,5185,2394,4372,53054,23112,8338,2741,26450,71,0,7,3
2021-04-28T23:59:59+02:00,0,1,828,977,1655,2405,2127,3808,3246,5626,5695,6650,11942,12429,8302,10032,2757,5259,0,1,309,243,461,660,533,1117,691,1693,902,1342,835,714,4340,5158,2392,4372,48991,22987,8331,2722,26410,51,0,7,3
2021-04-27T23:59:59+02:00,0,1,819,972,1637,2384,2083,3789,3176,5600,5567,6525,11913,12412,8300,10030,2757,5257,0,1,308,241,455,658,525,1111,682,1681,892,1336,824,702,4336,5152,2391,4366,48510,22909,8326,2706,26379,43,0,7,3
2021-04-26T23:59:59+02:00,0,1,809,960,1611,2366,2023,3748,2998,5522,5235,6239,11347,11766,8245,9965,2752,5247,0,1,306,240,454,657,520,1105,671,1675,883,1325,814,693,4331,5146,2391,4362,46177,22858,8317,2676,26336,38,0,4,2
2021-04-25T23:59:59+02:00,0,1,799,958,1594,2359,1985,3731,2872,5499,5140,6234,11342,11762,8241,9959,2751,5246,0,1,305,239,454,657,520,1098,671,1673,880,1323,814,692,4331,5146,2391,4362,45846,22852,8311,2672,26312,31,0,4,2
2021-04-24T23:59:59+02:00,0,1,785,948,1572,2339,1945,3685,2776,5430,4797,5909,10729,11036,8210,9900,2750,5244,0,1,305,239,454,657,520,1097,670,1671,879,1323,809,688,4321,5130,2389,4361,43437,22815,8309,2667,26306,30,0,4,2
2021-04-23T23:59:59+02:00,0,1,780,940,1559,2329,1915,3658,2737,5377,4635,5723,10420,10654,8170,9858,2747,5235,0,1,305,238,454,657,520,1096,669,1671,877,1323,809,687,4318,5127,2389,4361,42136,22804,8308,2666,26290,30,0,4,2
2021-04-22T23:59:59+02:00,0,1,763,926,1532,2286,1866,3589,2649,5285,4481,5569,10275,10459,8156,9827,2745,5227,0,1,305,237,452,646,518,1090,663,1663,871,1314,803,683,4315,5125,2389,4359,41134,22768,8279,2642,26219,22,0,4,2
2021-04-21T23:59:59+02:00,0,1,752,914,1507,2273,1814,3544,2544,5197,4096,5149,9677,9774,8107,9763,2741,5216,0,1,303,237,450,645,518,1089,659,1660,866,1309,790,671,4305,5111,2389,4355,38612,22718,8263,2618,26190,20,0,4,2
2021-04-20T23:59:59+02:00,0,1,745,902,1486,2246,1783,3513,2494,5140,3959,5053,9480,9555,8089,9753,2737,5213,0,1,303,236,450,644,517,1087,658,1656,863,1303,784,666,4301,5106,2389,4355,37776,22686,8251,2612,26118,20,0,4,1
2021-04-19T23:59:59+02:00,0,1,738,893,1478,2238,1766,3495,2463,5113,3894,4994,9110,9138,8064,9728,2734,5207,0,1,303,234,449,639,515,1084,655,1653,859,1299,779,660,4292,5104,2389,4353,36749,22646,8239,2601,26062,20,0,4,1
2021-04-18T23:59:59+02:00,0,1,734,890,1473,2232,1748,3488,2445,5101,3885,4992,9100,9127,8064,9727,2734,5207,0,1,302,234,449,636,514,1080,653,1650,856,1299,778,658,4292,5102,2389,4353,36689,22638,8219,2587,26036,20,0,4,1
2021-04-17T23:59:59+02:00,0,1,715,884,1385,2222,1648,3476,2408,5071,3804,4913,8383,8405,8048,9714,2734,5207,0,1,302,234,447,634,513,1079,652,1650,855,1296,778,658,4291,5102,2389,4353,36680,22626,8219,2587,24115,20,0,4,1
2021-04-16T23:59:59+02:00,0,1,700,866,1256,2199,1497,3453,2322,5005,3642,4748,7042,6854,8013,9665,2721,5176,0,1,302,233,442,627,508,1075,642,1648,851,1287,768,652,4286,5088,2386,4351,35303,22551,8209,2582,21644,13,0,4,1
2021-04-15T23:59:59+02:00,0,1,679,856,1245,2186,1476,3434,2264,4968,3570,4696,6603,6353,7972,9599,2697,5102,0,1,295,227,427,616,491,1061,608,1621,816,1257,677,591,3788,4576,2362,4315,33974,22491,8154,1228,21569,9,0,4,1
2021-04-14T23:59:59+02:00,0,1,674,852,1226,2171,1443,3415,2220,4931,3437,4601,5264,4949,7921,9534,2675,5065,0,1,287,222,424,610,484,1058,601,1613,811,1254,662,575,3775,4566,2358,4309,30742,22402,8141,1199,21492,8,0,4,1
2021-04-13T23:59:59+02:00,0,1,671,852,1217,2166,1427,3413,2212,4920,3417,4585,5244,4932,7915,9531,2674,5063,0,1,287,221,422,608,481,1055,599,1609,800,1251,644,570,3773,4563,2358,4309,30659,22381,8120,1161,21457,8,0,4,1
2021-04-12T23:59:59+02:00,0,1,666,844,1204,2156,1411,3402,2178,4905,3386,4561,5219,4916,7902,9519,2671,5030,0,1,286,220,420,608,479,1049,597,1605,792,1243,639,567,3767,4561,2357,4309,30526,22353,8075,1138,21366,8,0,4,1
2021-04-11T23:59:59+02:00,0,1,658,840,1188,2144,1392,3387,2110,4880,3267,4477,4802,4476,7233,8697,2664,5025,0,1,286,220,418,608,477,1047,592,1602,788,1241,635,564,3763,4556,2357,4309,30495,22346,5468,1109,21274,8,0,4,1
2021-04-10T23:59:59+02:00,0,1,658,838,1187,2143,1390,3383,2108,4877,3264,4470,4758,4429,7229,8691,2664,5024,0,1,280,217,416,597,464,1031,565,1585,756,1216,563,494,3194,3937,2308,4214,30372,20720,5465,1109,21273,8,0,4,1
2021-04-09T23:59:59+02:00,0,1,654,837,1179,2140,1385,3378,2076,4855,3185,4389,4560,4263,7194,8642,2660,5008,0,1,270,210,406,583,445,1015,539,1566,735,1193,483,433,2537,3117,2259,4118,29681,18793,5461,1108,21260,8,0,4,1
2021-04-08T23:59:59+02:00,0,1,644,827,1162,2128,1368,3346,2014,4801,3035,4278,3506,3108,6955,8278,2649,4993,0,1,257,202,389,565,421,1001,517,1535,702,1171,461,406,2527,3108,2255,4115,28874,18563,5411,1061,18804,8,0,4,1
2021-04-07T23:59:59+02:00,0,1,637,821,1149,2119,1350,3333,1905,4721,2713,4028,2898,2579,6843,8154,2624,4940,0,1,243,195,362,541,383,967,474,1501,665,1143,433,382,2466,3042,2250,4106,26690,18106,5390,1041,18731,7,0,4,0
2021-04-06T23:59:59+02:00,0,1,627,812,1109,2112,1326,3315,1787,4671,2434,3861,2445,2230,6764,8062,2602,4902,0,1,220,182,328,514,358,948,437,1478,630,1111,398,340,2411,2967,2244,4095,25085,17632,5372,1023,18599,7,0,4,0
2021-04-05T23:59:59+02:00,0,1,624,810,1098,2107,1320,3312,1778,4661,2419,3844,2154,1886,5656,6759,2600,4901,0,1,220,182,327,510,352,942,433,1476,626,1107,395,337,2409,2961,2244,4093,25053,17622,5360,986,15514,7,0,3,0
2021-04-04T23:59:59+02:00,0,1,623,809,1098,2107,1320,3311,1778,4661,2417,3842,2152,1883,5656,6755,2600,4901,0,1,220,182,326,510,352,942,432,1476,626,1107,395,337,2408,2961,2244,4093,25044,17619,5360,986,15507,7,0,3,0
2021-04-03T23:59:59+02:00,0,1,623,809,1098,2106,1320,3311,1777,4659,2413,3842,2151,1879,5655,6755,2600,4901,0,1,220,182,326,510,352,942,432,1476,625,1107,395,337,2408,2961,2244,4093,25038,17618,5356,986,15503,7,0,3,0
2021-04-02T23:59:59+02:00,0,1,623,808,1098,2106,1316,3310,1774,4653,2411,3839,2143,1870,5643,6739,2596,4889,0,1,220,182,326,508,352,941,431,1475,624,1096,393,337,2408,2960,2244,4093,24967,17598,5351,986,15498,7,0,3,0
2021-04-01T23:59:59+02:00,0,1,619,797,1077,2087,1218,3215,1683,4584,2152,3631,1413,1284,5434,6526,2586,4859,0,1,216,181,326,507,351,940,430,1473,624,1095,390,335,2408,2960,2244,4089,24856,17586,2847,977,15460,7,0,3,0
2021-03-31T23:59:59+02:00,0,1,617,796,1073,2083,1213,3207,1672,4579,2133,3618,1385,1251,5406,6471,2545,4759,0,1,215,181,325,506,350,940,430,1472,623,1093,387,332,2404,2959,2242,4087,24529,17571,2833,969,15444,7,0,3,0
2021-03-30T23:59:59+02:00,0,1,615,789,1068,2079,1207,3202,1662,4565,2126,3603,1338,1206,5318,6340,2498,4604,0,1,215,180,325,505,347,936,425,1469,616,1082,372,321,2300,2806,2119,3860,23992,16946,2811,926,15416,7,0,2,0
2021-03-29T23:59:59+02:00,0,1,613,787,1065,2070,1198,3196,1655,4552,2112,3590,1300,1173,5254,6244,2445,4473,0,1,214,179,323,503,345,934,423,1464,610,1077,365,316,2074,2539,1891,3479,23546,15807,2784,923,15396,7,0,2,0
2021-03-28T23:59:59+02:00,0,1,613,784,1063,2064,1195,3189,1650,4541,2106,3585,1284,1164,5243,6221,2433,4440,0,1,212,179,322,500,336,930,420,1457,607,1065,358,304,2069,2525,1890,3476,23435,15779,2766,868,15373,4,0,2,0
2021-03-27T23:59:59+01:00,0,1,561,723,983,1996,1114,3070,1531,4416,2004,3502,1215,1094,4639,5488,2433,4440,0,1,210,178,322,499,336,930,416,1455,606,1062,357,304,2068,2524,1890,3476,23418,15763,2761,868,13030,3,0,1,0
2021-03-26T23:59:59+01:00,0,1,558,718,976,1986,1112,3064,1521,4409,1987,3494,1171,1063,4609,5454,2432,4436,0,1,209,175,322,497,333,929,414,1454,601,1056,349,299,1660,1985,1463,2746,23223,13628,2751,862,13016,3,0,1,0
2021-03-25T23:59:59+01:00,0,1,555,712,964,1978,1109,3055,1514,4397,1972,3484,1161,1053,4601,5449,2432,4434,0,1,208,172,320,496,331,924,410,1448,597,1047,345,295,1563,1862,1426,2670,23177,13273,2743,839,12950,3,0,1,0
2021-03-24T23:59:59+01:00,0,1,553,706,956,1968,1096,3039,1485,4378,1957,3476,1125,1023,4574,5414,2427,4429,0,1,207,172,319,495,327,920,406,1440,587,1029,332,285,1234,1478,1270,2400,23036,12120,2717,779,12853,3,0,1,0
2021-03-23T23:59:59+01:00,0,1,551,701,950,1955,1092,3029,1478,4364,1947,3468,1112,1012,4555,5400,2427,4425,0,1,206,172,317,492,318,917,405,1440,581,1025,324,278,996,1211,1154,2219,22961,11296,2708,757,12797,3,0,1,0
2021-03-22T23:59:59+01:00,0,1,550,692,945,1941,1086,3020,1469,4348,1933,3458,1109,1008,4550,5399,2427,4424,0,1,205,172,316,490,317,915,402,1437,578,1021,320,274,995,1207,1154,2215,22936,11279,2692,737,12731,3,0,1,0
2021-03-21T23:59:59+01:00,0,1,547,689,943,1933,1083,3016,1461,4335,1921,3451,1106,1007,4550,5397,2427,4424,0,1,204,172,316,489,315,911,402,1432,572,1019,310,269,991,1202,1153,2215,22932,11276,2679,694,12679,3,0,1,0
2021-03-20T23:59:59+01:00,0,1,542,682,939,1916,1066,2999,1433,4317,1887,3422,1034,937,3965,4758,2376,4324,0,1,204,172,316,489,315,911,402,1432,572,1019,310,269,991,1202,1152,2214,21261,11274,2678,694,12658,3,0,1,0
2021-03-19T23:59:59+01:00,0,1,533,673,921,1888,1038,2979,1397,4291,1861,3391,947,873,3285,3921,2324,4225,0,1,201,172,314,489,314,908,400,1430,568,1013,307,268,978,1189,1121,2174,19267,11252,2666,592,12614,3,0,1,0
2021-03-18T23:59:59+01:00,0,1,520,660,904,1862,1015,2953,1357,4250,1816,3338,848,809,2770,3389,2300,4191,0,1,196,170,311,485,311,898,396,1424,566,1008,304,261,872,1091,1009,1981,19185,10866,1263,415,12534,3,0,1,0
2021-03-17T23:59:59+01:00,0,1,518,651,895,1843,1002,2932,1334,4228,1798,3322,818,784,2682,3296,2294,4185,0,1,194,169,309,483,308,897,389,1420,563,1004,301,256,629,816,701,1531,18874,9937,1224,34,12485,0,0,0,0
2021-03-16T23:59:59+01:00,0,1,516,642,886,1822,982,2916,1317,4216,1774,3305,788,773,2634,3215,2292,4179,0,1,194,169,307,483,307,894,386,1418,560,1000,295,252,381,575,511,1220,18664,8925,1184,28,12410,0,0,0,0
2021-03-15T23:59:59+01:00,0,1,516,632,881,1803,971,2894,1312,4209,1766,3296,782,769,2631,3213,2291,4179,0,1,193,169,306,482,306,894,386,1417,557,1000,295,252,381,574,510,1220,18649,8918,1159,25,12338,0,0,0,0
2021-03-14T23:59:59+01:00,0,1,515,626,873,1791,964,2886,1302,4196,1756,3283,777,764,2625,3210,2291,4179,0,1,193,169,305,482,305,892,384,1415,557,1000,294,252,381,574,510,1220,18644,8915,1129,19,12266,0,0,0,0
2021-03-13T23:59:59+01:00,0,1,494,575,780,1528,833,2503,1107,3632,1474,2855,698,676,2522,3084,2290,4178,0,1,193,169,305,482,305,892,384,1415,557,1000,294,252,381,574,510,1220,18640,8915,1129,19,9461,0,0,0,0
2021-03-12T23:59:59+01:00,0,1,480,492,716,1259,742,2107,935,2945,1227,2262,556,525,2478,3040,2290,4178,0,0,193,167,305,482,305,890,383,1415,557,997,294,251,368,553,461,1154,18610,8756,1128,19,6495,0,0,0,0
2021-03-11T23:59:59+01:00,0,1,456,456,682,1188,695,2001,875,2799,1144,2150,499,465,2464,3028,2289,4176,0,0,193,167,304,480,304,889,383,1412,556,997,294,250,355,536,412,1109,18413,8625,1080,16,5875,0,0,0,0
2021-03-10T23:59:59+01:00,0,1,442,446,648,1155,654,1967,833,2763,1111,2121,480,449,2450,3008,2288,4172,0,0,189,165,300,473,304,888,378,1406,550,990,290,244,230,437,178,839,18136,7851,1060,10,5792,0,0,0,0
2021-03-09T23:59:59+01:00,0,1,427,429,617,1125,631,1947,810,2735,1089,2097,458,428,2356,2866,2162,3941,0,0,189,165,298,471,303,887,377,1403,550,987,288,243,230,437,177,838,17370,7843,1043,0,5706,0,0,0,0
2021-03-08T23:59:59+01:00,0,1,414,408,595,1095,613,1925,794,2710,1067,2071,436,400,2125,2592,1933,3559,0,0,189,164,298,469,302,882,377,1397,550,985,287,241,230,436,177,838,16121,7822,1014,0,5603,0,0,0,0
2021-03-07T23:59:59+01:00,0,1,413,407,588,1077,599,1917,791,2697,1062,2061,435,399,2120,2584,1932,3556,0,0,189,164,297,468,302,881,377,1394,550,984,287,241,230,436,177,838,16093,7815,1004,0,5542,0,0,0,0
2021-03-06T23:59:59+01:00,0,1,413,404,584,1064,596,1915,784,2690,1058,2054,434,399,2120,2584,1932,3556,0,0,189,164,297,468,302,881,377,1394,550,983,286,241,230,436,177,838,16084,7813,1004,0,5500,0,0,0,0
2021-03-05T23:59:59+01:00,0,1,407,389,578,1052,591,1906,779,2680,1051,2046,420,391,1700,2025,1501,2805,0,0,187,159,293,468,299,879,375,1391,548,979,286,241,230,436,177,838,13866,7786,1004,0,5452,0,0,0,0
2021-03-04T23:59:59+01:00,0,1,396,364,550,1013,572,1849,748,2626,1030,1996,416,387,1607,1905,1461,2728,0,0,176,151,282,455,298,871,373,1377,546,975,285,241,230,436,177,838,13506,7711,998,0,5145,0,0,0,0
2021-03-03T23:59:59+01:00,0,1,393,358,543,982,554,1817,724,2579,1012,1956,408,381,1280,1524,1302,2452,0,0,175,150,281,454,297,870,369,1370,543,968,283,239,229,435,175,833,12338,7671,989,0,4939,0,0,0,0
2021-03-02T23:59:59+01:00,0,1,389,353,535,948,540,1797,715,2555,1001,1937,397,371,1035,1257,1182,2268,0,0,175,148,280,444,293,864,369,1361,543,962,283,239,229,435,175,833,11509,7633,952,0,4820,0,0,0,0
2021-03-01T23:59:59+01:00,0,1,387,346,526,925,521,1766,706,2531,990,1920,393,364,1034,1250,1182,2263,0,0,175,146,280,435,290,854,366,1346,540,956,281,237,228,434,175,833,11487,7576,917,0,4701,0,0,0,0
2021-02-28T23:59:59+01:00,0,1,383,343,523,917,513,1755,702,2519,985,1905,388,359,1034,1248,1182,2263,0,0,173,145,280,434,290,853,366,1346,539,956,281,237,228,434,175,833,11481,7570,889,0,4650,0,0,0,0
2021-02-27T23:59:59+01:00,0,1,382,341,518,910,511,1749,699,2510,982,1903,387,358,1034,1248,1181,2263,0,0,173,145,280,434,290,853,366,1346,538,956,281,237,228,434,175,833,11480,7569,889,0,4608,0,0,0,0
2021-02-26T23:59:59+01:00,0,1,335,298,450,738,435,1441,572,2092,811,1563,359,328,1034,1245,1181,2263,0,0,173,143,280,430,288,845,364,1338,536,953,281,237,228,434,175,833,11470,7538,878,0,2798,0,0,0,0
2021-02-25T23:59:59+01:00,0,1,315,289,439,717,423,1405,557,2044,792,1531,351,320,948,1152,1108,2137,0,0,122,130,260,425,279,833,352,1322,531,946,281,235,228,434,175,833,11059,7386,847,0,2623,0,0,0,0
2021-02-24T23:59:59+01:00,0,1,310,283,434,701,416,1370,541,1996,770,1487,344,307,739,918,921,1828,0,0,122,124,258,419,276,823,350,1309,524,940,278,232,226,433,175,831,10111,7320,806,0,2449,0,0,0,0
2021-02-23T23:59:59+01:00,0,1,308,271,426,687,405,1345,533,1961,751,1468,330,297,486,669,730,1521,0,0,122,123,257,417,274,817,350,1303,523,932,277,231,225,433,173,830,9100,7287,761,0,2328,0,0,0,0
2021-02-22T23:59:59+01:00,0,1,308,270,425,680,404,1340,529,1950,746,1464,330,295,485,667,730,1520,0,0,122,118,252,407,273,800,346,1277,518,924,273,230,225,433,173,830,9095,7201,750,0,2299,0,0,0,0
2021-02-21T23:59:59+01:00,0,1,305,269,423,674,401,1331,526,1942,740,1460,319,290,481,662,728,1520,0,0,122,118,251,406,272,797,343,1274,510,920,272,229,224,432,172,819,9090,7161,708,0,2274,0,0,0,0
2021-02-20T23:59:59+01:00,0,1,305,266,423,672,401,1323,525,1933,738,1456,319,290,481,662,728,1520,0,0,122,118,251,406,272,797,343,1274,509,920,272,229,224,432,172,819,9090,7160,708,0,2245,0,0,0,0
2021-02-19T23:59:59+01:00,0,0,259,240,391,596,367,1154,467,1720,629,1246,310,274,455,626,646,1411,0,0,122,118,251,406,271,797,343,1274,509,920,272,229,224,432,172,819,8868,7159,601,0,1322,0,0,0,0
2021-02-18T23:59:59+01:00,0,0,258,235,383,587,356,1132,454,1702,619,1239,310,272,401,578,533,1280,0,0,119,115,247,400,264,790,340,1265,505,919,270,227,224,432,172,819,8679,7108,422,0,1238,0,0,0,0
2021-02-17T23:59:59+01:00,0,0,252,231,371,573,349,1123,431,1686,611,1227,305,265,240,442,187,863,0,0,111,102,244,394,259,774,334,1249,499,908,266,224,223,432,172,819,7941,7010,32,0,1183,0,0,0,0
2021-02-16T23:59:59+01:00,0,0,251,229,360,571,341,1114,423,1672,606,1220,302,262,239,441,187,863,0,0,83,89,224,368,248,744,317,1209,467,873,244,209,215,412,171,812,7933,6685,28,0,1120,0,0,0,0
2021-02-15T23:59:59+01:00,0,0,249,229,358,566,339,1108,421,1660,603,1214,302,262,239,440,186,863,0,0,82,87,220,357,241,732,307,1182,451,850,231,202,202,388,164,755,7926,6451,25,0,1088,0,0,0,0
2021-02-14T23:59:59+01:00,0,0,248,227,352,563,335,1099,417,1654,600,1211,302,262,239,440,186,863,0,0,78,85,213,352,238,724,302,1169,447,835,230,200,202,377,164,745,7916,6361,20,0,1062,0,0,0,0
2021-02-13T23:59:59+01:00,0,0,248,227,352,563,335,1099,415,1654,600,1210,301,262,239,440,186,863,0,0,78,85,213,352,238,724,302,1169,447,835,230,200,202,377,164,745,7914,6361,20,0,1060,0,0,0,0
2021-02-12T23:59:59+01:00,0,0,193,167,304,485,308,902,382,1417,563,996,293,247,238,440,186,863,0,0,75,84,210,351,236,721,296,1165,444,830,226,197,202,375,164,745,7901,6321,20,0,63,0,0,0,0
2021-02-11T23:59:59+01:00,0,0,191,166,298,472,304,888,376,1397,553,989,293,247,238,440,186,863,0,0,74,81,200,325,226,677,276,1114,426,780,225,194,202,370,164,742,7858,6076,17,0,26,0,0,0,0
2021-02-10T23:59:59+01:00,0,0,189,159,294,468,301,883,370,1386,549,981,291,245,236,439,186,861,0,0,69,76,183,297,215,617,259,1030,401,728,216,179,188,340,149,691,7815,5638,11,0,12,0,0,0,0
2021-02-09T23:59:59+01:00,0,0,184,153,290,460,300,874,370,1376,547,972,288,244,236,439,185,860,0,0,60,60,145,233,186,512,221,838,346,593,194,153,166,304,139,614,7771,4764,2,0,5,0,0,0,0
2021-02-08T23:59:59+01:00,0,0,178,147,286,448,295,864,366,1356,541,965,284,240,235,438,183,856,0,0,33,47,100,144,137,285,162,458,252,387,163,125,137,246,114,509,7675,3299,2,0,5,0,0,0,0
2021-02-07T23:59:59+01:00,0,0,176,145,284,447,294,862,365,1355,540,964,283,239,235,438,183,856,0,0,19,40,82,122,132,264,153,425,236,361,153,120,127,235,107,471,7665,3047,1,0,0,0,0,0,0
2021-02-06T23:59:59+01:00,0,0,176,145,284,447,294,862,365,1355,540,964,283,239,235,438,183,856,0,0,19,37,80,119,122,249,142,408,205,340,138,116,126,230,106,460,7665,2897,1,0,0,0,0,0,0
2021-02-05T23:59:59+01:00,0,0,176,143,284,443,293,851,363,1347,536,961,283,238,235,438,183,855,0,0,18,33,77,114,115,235,136,381,188,322,133,111,122,225,98,443,7628,2751,1,0,0,0,0,0,0
2021-02-04T23:59:59+01:00,0,0,168,138,283,439,286,842,359,1336,527,952,282,236,234,437,183,853,0,0,11,20,50,76,86,178,114,290,155,263,115,97,110,206,88,399,7555,2258,0,0,0,0,0,0,0
2021-02-03T23:59:59+01:00,0,0,150,131,273,433,283,835,357,1325,527,950,282,236,233,437,183,852,0,0,11,18,42,65,77,143,90,258,134,222,96,83,95,177,79,351,7487,1941,0,0,0,0,0,0,0
2021-02-02T23:59:59+01:00,0,0,130,126,261,431,280,827,352,1319,526,943,281,236,232,437,182,851,0,0,11,15,34,59,65,121,75,213,103,172,64,58,70,114,54,225,7414,1453,0,0,0,0,0,0,0
2021-02-01T23:59:59+01:00,0,0,125,121,256,416,278,810,350,1293,520,931,276,234,232,437,182,851,0,0,4,9,19,31,34,66,46,118,59,71,29,29,30,48,29,109,7312,731,0,0,0,0,0,0,0
2021-01-31T23:59:59+01:00,0,0,124,118,254,413,276,806,348,1287,515,929,276,231,231,436,182,851,0,0,4,6,14,22,29,47,32,72,39,43,15,9,14,28,23,63,7277,460,0,0,0,0,0,0,0
2021-01-30T23:59:59+01:00,0,0,124,118,254,413,276,805,348,1286,514,929,276,231,231,436,182,851,0,0,4,6,13,19,26,40,27,64,36,41,15,9,14,28,23,63,7274,428,0,0,0,0,0,0,0
2021-01-29T23:59:59+01:00,0,0,124,118,254,413,275,805,348,1286,514,929,276,231,231,436,182,851,0,0,4,6,7,18,24,32,22,56,32,38,15,9,14,27,22,62,7273,388,0,0,0,0,0,0,0
2021-01-28T23:59:59+01:00,0,0,122,115,250,406,271,798,345,1279,509,928,276,231,231,436,182,851,0,0,1,3,2,8,16,14,12,27,12,23,11,5,7,14,7,25,7230,187,0,0,0,0,0,0,0
2021-01-27T23:59:59+01:00,0,0,114,105,248,401,268,789,340,1272,503,921,271,228,230,435,182,851,0,0,0,0,1,4,12,12,8,20,10,17,10,5,7,14,7,25,7158,152,0,0,0,0,0,0,0
2021-01-26T23:59:59+01:00,0,0,88,93,230,384,260,764,328,1234,477,890,251,216,220,417,182,843,0,0,0,0,1,4,12,12,8,20,10,17,10,5,7,14,7,25,6877,152,0,0,0,0,0,0,0
2021-01-25T23:59:59+01:00,0,0,85,88,228,364,247,745,314,1201,459,865,234,209,209,395,177,787,0,0,0,0,1,4,12,10,7,13,7,13,10,5,7,14,7,25,6607,135,0,0,0,0,0,0,0
2021-01-24T23:59:59+01:00,0,0,85,86,224,360,246,740,311,1188,457,850,233,207,209,384,177,776,0,0,0,0,1,4,11,10,7,13,7,13,10,5,7,14,7,25,6533,134,0,0,0,0,0,0,0
2021-01-23T23:59:59+01:00,0,0,85,86,224,360,246,740,311,1188,457,850,233,207,209,384,177,776,0,0,0,0,1,4,11,10,7,13,7,13,10,5,7,14,7,25,6533,134,0,0,0,0,0,0,0
2021-01-22T23:59:59+01:00,0,0,85,85,222,358,246,737,308,1184,453,847,231,206,209,383,177,776,0,0,0,0,1,4,11,10,7,13,7,13,10,5,7,14,7,25,6507,134,0,0,0,0,0,0,0
2021-01-21T23:59:59+01:00,0,0,85,82,209,328,236,693,283,1135,438,813,230,202,208,377,176,773,0,0,0,0,1,2,9,9,6,12,6,11,10,5,7,14,7,25,6268,124,0,0,0,0,0,0,0
2021-01-20T23:59:59+01:00,0,0,79,77,194,305,224,627,269,1042,409,753,221,190,193,346,162,721,0,0,0,0,1,2,9,9,6,12,6,11,10,5,7,14,7,25,5812,124,0,0,0,0,0,0,0
2021-01-19T23:59:59+01:00,0,0,71,67,155,256,204,564,243,919,369,644,200,164,167,304,148,631,0,0,0,0,1,2,3,7,6,11,4,9,7,4,7,14,7,25,5106,107,0,0,0,0,0,0,0
2021-01-18T23:59:59+01:00,0,0,59,59,132,213,183,461,216,761,329,551,181,143,142,253,126,542,0,0,0,0,0,1,2,4,3,6,2,7,6,4,7,14,7,23,4351,86,0,0,0,0,0,0,0
2021-01-17T23:59:59+01:00,0,0,40,47,108,183,168,402,200,675,304,496,172,136,129,235,109,482,0,0,0,0,0,0,2,4,2,6,2,5,4,4,7,14,6,23,3886,79,0,0,0,0,0,0,0
2021-01-16T23:59:59+01:00,0,0,33,44,108,180,158,385,185,655,273,475,156,131,128,229,108,470,0,0,0,0,0,0,0,0,0,0,0,0,0,0,0,0,0,0,3718,0,0,0,0,0,0,0,0
2021-01-15T23:59:59+01:00,0,0,31,40,105,175,147,371,179,625,254,453,151,122,124,223,99,452,0,0,0,0,0,0,0,0,0,0,0,0,0,0,0,0,0,0,3551,0,0,0,0,0,0,0,0
2021-01-14T23:59:59+01:00,0,0,13,23,51,76,85,174,115,288,149,264,123,103,110,204,87,407,0,0,0,0,0,0,0,0,0,0,0,0,0,0,0,0,0,0,2272,0,0,0,0,0,0,0,0
2021-01-13T23:59:59+01:00,0,0,12,20,41,65,77,139,93,258,124,227,94,81,90,163,68,325,0,0,0,0,0,0,0,0,0,0,0,0,0,0,0,0,0,0,1877,0,0,0,0,0,0,0,0
2021-01-12T23:59:59+01:00,0,0,12,15,37,61,64,115,78,209,95,173,61,53,60,97,40,189,0,0,0,0,0,0,0,0,0,0,0,0,0,0,0,0,0,0,1359,0,0,0,0,0,0,0,0
2021-01-11T23:59:59+01:00,0,0,4,10,26,43,40,83,57,141,58,86,32,28,25,40,19,81,0,0,0,0,0,0,0,0,0,0,0,0,0,0,0,0,0,0,773,0,0,0,0,0,0,0,0
2021-01-10T23:59:59+01:00,0,0,3,6,19,31,35,58,38,94,37,54,15,8,8,19,13,34,0,0,0,0,0,0,0,0,0,0,0,0,0,0,0,0,0,0,472,0,0,0,0,0,0,0,0
2021-01-09T23:59:59+01:00,0,0,3,6,18,27,34,54,33,84,35,53,15,8,8,19,13,34,0,0,0,0,0,0,0,0,0,0,0,0,0,0,0,0,0,0,444,0,0,0,0,0,0,0,0
2021-01-08T23:59:59+01:00,0,0,3,6,15,26,30,44,27,75,31,49,14,8,7,17,12,33,0,0,0,0,0,0,0,0,0,0,0,0,0,0,0,0,0,0,397,0,0,0,0,0,0,0,0
2021-01-07T23:59:59+01:00,0,0,1,4,2,9,16,14,14,28,13,24,11,6,7,15,9,26,0,0,0,0,0,0,0,0,0,0,0,0,0,0,0,0,0,0,199,0,0,0,0,0,0,0,0
2021-01-06T23:59:59+01:00,0,0,1,0,2,4,14,12,9,22,11,19,11,6,7,15,9,26,0,0,0,0,0,0,0,0,0,0,0,0,0,0,0,0,0,0,168,0,0,0,0,0,0,0,0
2021-01-05T23:59:59+01:00,0,0,0,0,1,4,13,12,8,20,10,19,10,6,7,15,9,26,0,0,0,0,0,0,0,0,0,0,0,0,0,0,0,0,0,0,160,0,0,0,0,0,0,0,0
2021-01-04T23:59:59+01:00,0,0,0,0,1,4,13,11,7,16,8,17,10,6,7,15,9,26,0,0,0,0,0,0,0,0,0,0,0,0,0,0,0,0,0,0,150,0,0,0,0,0,0,0,0
2021-01-03T23:59:59+01:00,0,0,0,0,1,4,12,10,7,13,6,14,10,6,7,15,9,26,0,0,0,0,0,0,0,0,0,0,0,0,0,0,0,0,0,0,140,0,0,0,0,0,0,0,0
2021-01-02T23:59:59+01:00,0,0,0,0,1,4,12,10,7,13,6,14,10,6,7,15,9,26,0,0,0,0,0,0,0,0,0,0,0,0,0,0,0,0,0,0,140,0,0,0,0,0,0,0,0
2021-01-01T23:59:59+01:00,0,0,0,0,1,4,12,10,7,13,6,14,10,6,7,15,9,26,0,0,0,0,0,0,0,0,0,0,0,0,0,0,0,0,0,0,140,0,0,0,0,0,0,0,0
2020-12-31T23:59:59+01:00,0,0,0,0,1,4,12,10,7,13,6,14,10,6,7,15,9,26,0,0,0,0,0,0,0,0,0,0,0,0,0,0,0,0,0,0,140,0,0,0,0,0,0,0,0
2020-12-30T23:59:59+01:00,0,0,0,0,1,4,12,10,7,13,6,14,10,6,7,15,9,26,0,0,0,0,0,0,0,0,0,0,0,0,0,0,0,0,0,0,140,0,0,0,0,0,0,0,0
2020-12-29T23:59:59+01:00,0,0,0,0,1,4,8,9,7,13,4,12,10,6,7,15,9,26,0,0,0,0,0,0,0,0,0,0,0,0,0,0,0,0,0,0,131,0,0,0,0,0,0,0,0
2020-12-28T23:59:59+01:00,0,0,0,0,1,1,5,7,7,7,2,9,10,6,7,15,9,26,0,0,0,0,0,0,0,0,0,0,0,0,0,0,0,0,0,0,112,0,0,0,0,0,0,0,0
2020-12-27T23:59:59+01:00,0,0,0,0,0,0,2,4,2,6,1,6,4,5,7,15,8,25,0,0,0,0,0,0,0,0,0,0,0,0,0,0,0,0,0,0,85,0,0,0,0,0,0,0,0
