Datum,<24_1_m,<24_1_w,25-34_1_m,25-34_1_w,35-44_1_m,35-44_1_w,45-54_1_m,45-54_1_w,55-64_1_m,55-64_1_w,65-74_1_m,65-74_1_w,75-84_1_m,75-84_1_w,>84_1_m,>84_1_w,<24_2_m,<24_2_w,25-34_2_m,25-34_2_w,35-44_2_m,35-44_2_w,45-54_2_m,45-54_2_w,55-64_2_m,55-64_2_w,65-74_2_m,65-74_2_w,75-84_2_m,75-84_2_w,>84_2_m,>84_2_w,bp_1,bp_2,mo_1,mo_2,az_1,az_2,ja
2021-06-05T23:59:59+02:00,4371,4529,7257,8371,10902,13041,21523,23780,28110,29934,22458,25090,15190,19909,4137,8077,1237,1400,2198,3269,3070,5366,5594,9351,8715,10622,12976,14620,12182,16033,3771,7285,169357,79119,27243,15249,45639,18881,4440
2021-06-04T23:59:59+02:00,4334,4503,7226,8345,10768,12920,21184,23471,28024,29841,22425,25062,15177,19900,4136,8076,1200,1310,2094,2944,2912,4867,5425,9008,7931,9634,11751,13252,12076,15860,3768,7270,168088,72758,27231,15249,45639,18861,4434
2021-06-03T23:59:59+02:00,4184,4400,7009,8207,10097,12387,20063,22660,27685,29542,22301,24944,15132,19842,4134,8065,1146,1262,2003,2838,2783,4708,5219,8706,7563,9190,11422,12938,12000,15779,3765,7261,163426,71123,27224,15247,45635,17846,4367
2021-06-02T23:59:59+02:00,4178,4390,7002,8193,10078,12374,19879,22483,27619,29492,22279,24925,15129,19835,4131,8064,1141,1255,1991,2804,2760,4688,4907,8426,7124,8800,11392,12902,11986,15766,3761,7255,163377,71016,26679,13758,45635,17824,4360
2021-06-01T23:59:59+02:00,4034,4297,6755,8049,9798,12181,19427,22142,27391,29298,22186,24838,15096,19782,4130,8055,1097,1204,1903,2734,2681,4617,4549,8110,6611,8345,11185,12693,11910,15684,3756,7244,161702,70583,25901,12471,45621,17034,4235
2021-05-31T23:59:59+02:00,3980,4247,6661,7984,9664,12080,19304,22056,27308,29217,22122,24780,15081,19758,4125,8050,1059,1178,1837,2693,2606,4574,4434,8049,6489,8263,10994,12522,11835,15588,3747,7238,160868,70228,25873,12466,45608,16344,4068
2021-05-30T23:59:59+02:00,3945,4217,6597,7926,9572,12000,19222,21977,27239,29151,22075,24735,15061,19736,4121,8041,1055,1171,1829,2684,2592,4564,4405,8019,6439,8221,10935,12449,11806,15550,3743,7229,160174,70191,25868,12464,45596,16059,3977
2021-05-29T23:59:59+02:00,3928,4196,6562,7897,9541,11965,19175,21928,27094,29046,22034,24671,15047,19722,4118,8037,1017,1150,1771,2629,2510,4479,4217,7745,6026,7785,8869,9917,11652,15279,3732,7204,159529,63999,25868,12462,45587,15544,3977
2021-05-28T23:59:59+02:00,3855,4136,6438,7826,9424,11844,19030,21805,26937,28929,21980,24606,15028,19707,4117,8036,1001,1133,1756,2610,2470,4417,4052,7423,5837,7529,6142,6757,11464,15007,3721,7163,158281,57234,25866,12462,45583,14818,3968
2021-05-27T23:59:59+02:00,3690,3989,6142,7646,8824,11514,18552,21455,26547,28607,21847,24457,14978,19651,4110,8019,947,1067,1671,2512,2354,4276,3585,6375,5444,7027,5993,6606,11399,14942,3717,7148,154861,56760,25811,12418,45575,12104,3781
2021-05-26T23:59:59+02:00,3560,3896,5918,7470,8436,11228,18110,21146,26253,28393,21717,24325,14934,19583,4100,8004,927,1056,1615,2488,2306,4240,3506,6301,5342,6946,5867,6481,11343,14890,3712,7138,152181,56688,25796,12416,45553,11511,3543
2021-05-25T23:59:59+02:00,3457,3826,5777,7355,8233,11057,17099,20358,25926,28066,21573,24176,14890,19516,4094,7995,904,1036,1583,2443,2240,4184,3432,6238,5261,6877,5692,6313,11258,14819,3706,7128,150645,56633,23874,12233,45539,10908,3340
2021-05-24T23:59:59+02:00,3393,3810,5687,7310,8104,10986,16179,19664,25552,27773,21493,24076,14863,19490,4087,7985,895,1034,1558,2425,2201,4148,3380,6184,5183,6796,5597,6208,11184,14751,3706,7122,149972,56603,21809,12157,45530,10471,3141
2021-05-23T23:59:59+02:00,3390,3806,5679,7302,8096,10980,16174,19663,25551,27772,21493,24076,14863,19490,4087,7985,894,1031,1550,2416,2189,4135,3363,6170,5162,6759,5553,6160,11170,14729,3705,7120,149947,56596,21809,12157,45528,10230,3123
2021-05-22T23:59:59+02:00,3348,3757,5610,7258,7993,10899,15945,19467,25300,27559,21404,23997,14837,19454,4084,7982,868,1006,1506,2366,2138,4059,3249,6033,4847,6194,4625,4989,10909,14366,3697,7085,148435,53385,21809,12157,45527,9272,3123
2021-05-21T23:59:59+02:00,3290,3681,5507,7175,7905,10779,15695,19229,25072,27362,21306,23900,14811,19413,4079,7974,834,944,1439,2239,2027,3788,3037,5667,4387,5321,4006,4178,10397,13734,3645,6980,146753,49673,21809,12157,45523,7700,3093
2021-05-20T23:59:59+02:00,3135,3502,5237,6912,7617,10416,15181,18701,24512,26836,21056,23643,14733,19306,4066,7948,818,929,1415,2219,1987,3754,2983,5603,4303,5246,3875,4075,10336,13684,3637,6970,142638,49591,21800,12147,45502,7235,2861
2021-05-19T23:59:59+02:00,3071,3445,5141,6764,7373,10150,14122,17729,24270,26567,20965,23527,14698,19252,4059,7942,798,901,1391,2166,1950,3667,2920,5456,4209,5139,3794,3987,10291,13633,3634,6966,141274,49564,19740,12086,45432,6623,2629
2021-05-18T23:59:59+02:00,3045,3422,5092,6728,7294,10089,13793,17481,24094,26420,20883,23437,14671,19208,4052,7931,760,833,1339,2026,1880,3471,2813,5249,3994,4858,3660,3805,10220,13564,3625,6957,141009,49546,18890,11092,45388,6063,2353
2021-05-17T23:59:59+02:00,3015,3396,5042,6652,7205,9982,13627,17285,23967,26282,20833,23390,14655,19187,4049,7924,751,814,1323,1988,1856,3423,2761,5141,3915,4738,3522,3654,10164,13513,3624,6949,140042,49525,18882,11082,45373,5335,2194
2021-05-16T23:59:59+02:00,3004,3375,5017,6588,7167,9900,13565,17209,23917,26223,20811,23375,14645,19175,4046,7922,746,807,1313,1986,1840,3410,2738,5131,3888,4711,3466,3584,10133,13493,3623,6947,139608,49517,18874,11071,45351,5122,2106
2021-05-15T23:59:59+02:00,2881,3256,4825,6388,6985,9708,12912,16658,23479,25826,20718,23264,14613,19136,4044,7916,685,741,1229,1896,1707,3242,2428,4806,3451,4222,3135,3167,10001,13316,3604,6925,136307,46603,18874,11071,45346,4799,2082
2021-05-14T23:59:59+02:00,2746,3061,4616,6160,6711,9394,12261,16041,23025,25380,20601,23132,14585,19086,4040,7909,613,649,1122,1776,1539,3009,2061,4388,2872,3634,2774,2749,9937,13207,3602,6921,132505,43696,18868,11069,45324,4037,2051
2021-05-13T23:59:59+02:00,2541,2747,4291,5768,6277,8902,11614,15288,22084,24550,20363,22896,14533,19007,4034,7895,609,646,1111,1760,1522,2992,2053,4364,2855,3613,2759,2734,9932,13206,3601,6921,126646,43643,18816,11061,45298,3944,2030
2021-05-12T23:59:59+02:00,2539,2744,4285,5767,6268,8895,11499,15159,22047,24522,20356,22884,14531,19001,4033,7895,599,621,1076,1701,1471,2914,1972,4278,2798,3561,2679,2640,9882,13133,3601,6921,126607,43640,18492,10237,45298,3942,2028
2021-05-11T23:59:59+02:00,2411,2706,4204,5693,6131,8773,11179,14910,21880,24376,20291,22817,14516,18974,4030,7892,566,593,1022,1637,1391,2821,1879,4139,2727,3497,2527,2416,9817,13034,3601,6921,125681,43624,18156,9405,45018,3631,1928
2021-05-10T23:59:59+02:00,2360,2621,4105,5568,6006,8612,10325,14113,21564,24097,20219,22735,14482,18924,4022,7882,550,557,987,1579,1322,2728,1785,3973,2653,3420,2505,2399,9810,13015,3598,6918,124603,43615,16315,9229,44915,3153,1802
2021-05-09T23:59:59+02:00,2326,2604,4068,5529,5954,8559,10255,14039,21503,24032,20185,22696,14467,18900,4020,7870,542,546,966,1533,1297,2680,1752,3917,2617,3376,2495,2387,9800,12997,3598,6912,124162,43555,16310,9226,44822,2921,1713
2021-05-08T23:59:59+02:00,2249,2489,3866,5357,5706,8351,9836,13683,20483,23191,20014,22522,14442,18842,4015,7861,460,513,906,1487,1220,2615,1661,3804,2342,3138,2016,1996,9725,12931,3597,6912,120066,42105,16309,9224,44819,2281,1713
2021-05-07T23:59:59+02:00,2155,2356,3665,5180,5376,8062,9412,13275,19283,21963,19849,22319,14405,18794,4007,7845,357,446,793,1410,1096,2482,1526,3660,2159,2931,1567,1615,9351,12572,3596,6911,115159,40400,16307,9222,44798,1168,1682
2021-05-06T23:59:59+02:00,1950,2233,3388,4907,4928,7662,8744,12683,18099,20754,19533,21965,14319,18657,3998,7835,339,435,769,1382,1058,2423,1475,3581,2095,2866,1532,1558,9335,12549,3591,6908,109353,40381,16301,9216,44600,898,1401
2021-05-05T23:59:59+02:00,1873,2193,3315,4821,4850,7547,8610,12528,17942,20609,19415,21851,14247,18555,3978,7749,326,419,730,1332,992,2341,1389,3422,1991,2762,1442,1461,8928,11987,3586,6892,108600,40348,16158,8098,44413,642,912
2021-05-04T23:59:59+02:00,1843,2162,3274,4738,4793,7440,8261,12131,17480,20120,19331,21730,14175,18462,3953,7646,308,406,708,1299,972,2292,1313,3277,1887,2621,1377,1360,8864,11893,3582,6877,107911,40324,14814,7823,44310,385,504
2021-05-03T23:59:59+02:00,1834,2157,3266,4725,4753,7416,7879,11786,16909,19630,19275,21653,14150,18434,3948,7636,293,380,685,1218,923,2201,1246,3133,1789,2486,1314,1286,8842,11865,3579,6868,107829,40317,13221,7615,44270,45,131
2021-05-02T23:59:59+02:00,1832,2155,3262,4723,4747,7412,7868,11774,16891,19619,19259,21647,14150,18432,3947,7636,292,379,683,1217,917,2198,1237,3126,1781,2480,1300,1279,8841,11859,3578,6868,107803,40295,13219,7613,44247,42,85
2021-05-01T23:59:59+02:00,1682,2004,2964,4459,4266,7046,7236,11262,14954,17730,18945,21313,14073,18330,3944,7623,290,379,681,1215,916,2195,1235,3124,1778,2475,1296,1276,8839,11858,3578,6868,100287,40265,13218,7613,44243,42,83
2021-04-30T23:59:59+02:00,1536,1838,2762,4216,3919,6652,6638,10639,13129,15622,18595,20911,13988,18199,3931,7616,284,378,677,1210,905,2187,1225,3116,1770,2464,1286,1266,8835,11855,3577,6868,92702,40221,13218,7613,44243,41,28
2021-04-29T23:59:59+02:00,1405,1757,2586,4088,3679,6443,6256,10319,11766,14304,18404,20703,13960,18146,3928,7610,282,374,672,1205,896,2181,1201,3110,1739,2427,1263,1241,8831,11850,3577,6868,88026,40190,13209,7482,44108,34,11
2021-04-28T23:59:59+02:00,1333,1750,2541,4068,3630,6421,6184,10282,11683,14238,18376,20672,13954,18133,3928,7607,282,373,669,1204,894,2179,1198,3106,1730,2424,1256,1221,8390,11335,3577,6868,87760,40169,13159,6497,43871,30,10
2021-04-27T23:59:59+02:00,1279,1721,2435,4023,3569,6395,6060,10221,11582,14174,18346,20640,13944,18120,3926,7606,281,372,667,1198,893,2177,1194,3103,1726,2417,1240,1203,7980,10760,3577,6868,87257,40151,13106,5470,43669,26,9
2021-04-26T23:59:59+02:00,1227,1685,2342,3927,3443,6299,5884,10094,11274,13897,18309,20621,13936,18102,3924,7606,280,371,665,1198,889,2174,1186,3099,1707,2408,1224,1188,7974,10742,3577,6868,85922,40066,13096,5450,43543,25,9
2021-04-25T23:59:59+02:00,1224,1682,2332,3925,3437,6294,5865,10086,11239,13867,18302,20612,13935,18096,3924,7606,280,371,665,1198,888,2174,1185,3099,1707,2408,1224,1188,7974,10740,3577,6868,85901,40064,13089,5448,43427,25,9
2021-04-24T23:59:59+02:00,1173,1532,2136,3377,3165,5666,5683,9707,10184,12585,17818,19985,13843,17958,3918,7598,279,370,664,1197,888,2173,1185,3098,1701,2401,1220,1185,7973,10739,3577,6867,79828,40040,13089,5444,43403,25,8
2021-04-23T23:59:59+02:00,1136,1426,2014,3008,2980,5087,5470,9308,9348,11515,16483,18492,13717,17773,3913,7580,279,370,662,1197,887,2171,1184,3098,1700,2400,1215,1180,7970,10737,3577,6866,72811,40027,13088,5433,43343,25,8
2021-04-22T23:59:59+02:00,1130,1416,1997,2991,2960,5070,5404,9257,9237,11408,16423,18426,13696,17748,3911,7576,277,369,660,1197,884,2169,1176,3085,1679,2379,1193,1159,7968,10732,3577,6866,72770,40015,13035,5323,42837,24,8
2021-04-21T23:59:59+02:00,1120,1407,1981,2974,2937,5048,5353,9192,9118,11282,16343,18351,13680,17720,3911,7573,271,365,649,1187,871,2138,1164,3058,1670,2361,1181,1145,7746,10417,3576,6866,72730,40009,12977,4625,42275,23,8
2021-04-20T23:59:59+02:00,1087,1344,1934,2856,2863,4891,5248,9009,8844,10971,16217,18185,13631,17669,3904,7568,258,361,628,1163,844,2110,1138,3028,1634,2326,1164,1131,7738,10414,3576,6866,72661,39990,11850,4360,41702,21,8
2021-04-19T23:59:59+02:00,1076,1333,1896,2836,2820,4860,5103,8951,8654,10841,16133,18108,13614,17652,3904,7563,249,350,607,1142,828,2075,1116,2983,1592,2273,1147,1115,7733,10410,3574,6866,72262,39956,11828,4077,41246,19,8
2021-04-18T23:59:59+02:00,1074,1332,1891,2830,2811,4849,5087,8934,8607,10797,16089,18052,13608,17641,3903,7561,249,350,607,1142,827,2075,1116,2983,1592,2272,1147,1114,7731,10409,3573,6866,72219,39951,11825,4075,41014,19,8
2021-04-17T23:59:59+02:00,1037,1318,1840,2783,2735,4771,4936,8778,8194,10386,13850,15286,13445,17359,3890,7530,247,350,607,1138,823,2069,1105,2975,1580,2251,1108,1069,7395,9991,3557,6828,65412,39002,11825,4064,40893,19,8
2021-04-16T23:59:59+02:00,1029,1311,1829,2773,2691,4730,4832,8691,8008,10178,10974,11945,13257,17065,3875,7485,246,345,606,1135,818,2065,1096,2970,1571,2240,1097,1057,7389,9986,3555,6825,58186,38926,11823,4048,40656,19,8
2021-04-15T23:59:59+02:00,1017,1305,1802,2757,2644,4695,4718,8623,7764,9949,10745,11761,13214,17011,3869,7473,244,345,606,1133,817,2064,1093,2967,1568,2237,1092,1054,7387,9984,3555,6825,58164,38913,11821,4031,39354,19,8
2021-04-14T23:59:59+02:00,994,1272,1745,2669,2549,4567,4524,8433,7475,9647,10384,11307,13089,16857,3865,7463,214,318,567,1081,795,1996,1055,2885,1524,2179,1068,1027,7383,9976,3555,6825,58132,38897,10877,3525,37823,18,8
2021-04-13T23:59:59+02:00,967,1247,1708,2612,2475,4481,4417,8289,7259,9422,9985,10812,12964,16699,3860,7452,174,292,533,1029,755,1895,1019,2782,1475,2112,1049,993,7369,9968,3555,6825,58054,38834,9932,2971,36655,12,8
2021-04-12T23:59:59+02:00,962,1244,1689,2609,2443,4465,4363,8235,7102,9237,9736,10521,12922,16652,3849,7439,159,273,506,990,731,1824,995,2712,1433,2069,1028,975,7353,9952,3552,6820,57998,38718,9901,2634,35561,12,8
2021-04-11T23:59:59+02:00,959,1243,1679,2609,2430,4463,4340,8220,7032,9167,9612,10370,12896,16610,3845,7435,159,272,506,989,730,1823,994,2712,1432,2069,1028,975,7351,9952,3552,6820,57986,38712,9899,2633,35017,11,8
2021-04-10T23:59:59+02:00,941,1232,1651,2583,2392,4434,4268,8155,6890,9045,8673,9168,12627,16240,3836,7397,156,270,505,987,725,1821,993,2706,1423,2061,1014,960,6882,9452,3540,6806,54657,37650,9898,2632,34969,11,8
2021-04-09T23:59:59+02:00,917,1200,1611,2534,2319,4353,4088,7974,6551,8712,7924,8200,12057,15541,3777,7284,153,269,503,981,720,1812,985,2698,1406,2049,995,939,6634,9176,3527,6785,50687,36985,9895,2628,34452,11,8
2021-04-08T23:59:59+02:00,906,1189,1580,2511,2253,4302,3947,7876,6258,8370,7340,7564,11927,15393,3768,7266,153,266,496,978,716,1804,977,2687,1398,2039,983,937,6631,9174,3527,6785,50656,36964,9871,2568,31915,11,8
2021-04-07T23:59:59+02:00,899,1178,1553,2492,2197,4260,3854,7799,6002,8072,6782,6952,11372,14680,3757,7242,134,254,461,927,671,1738,919,2613,1352,1977,966,923,6625,9169,3526,6785,50631,36941,8721,2081,29732,11,7
2021-04-06T23:59:59+02:00,895,1175,1534,2485,2168,4235,3776,7742,5789,7882,6340,6453,11211,14491,3746,7216,111,233,408,862,630,1655,870,2518,1301,1918,943,906,6610,9157,3524,6781,50561,36914,8538,1495,28032,11,7
2021-04-05T23:59:59+02:00,887,1171,1519,2478,2145,4225,3721,7714,5631,7756,6148,6244,11158,14417,3742,7209,105,230,407,861,622,1646,863,2501,1284,1900,915,867,5472,7709,3494,6734,50366,34107,8534,1485,27258,11,7
2021-04-04T23:59:59+02:00,886,1167,1517,2476,2139,4223,3705,7707,5619,7747,6136,6222,11147,14403,3741,7206,105,230,405,859,617,1641,858,2493,1269,1879,892,834,4427,6511,3470,6680,50353,31667,8533,1485,27148,11,7
2021-04-03T23:59:59+02:00,823,1108,1434,2400,2018,4079,3413,7414,5170,7265,5791,5776,11003,14211,3719,7183,103,230,405,858,617,1639,857,2493,1269,1879,892,834,4427,6507,3470,6680,47120,31657,8533,1485,27147,11,7
2021-04-02T23:59:59+02:00,779,1067,1373,2334,1911,3952,3124,7138,4669,6765,5409,5331,10933,14089,3716,7177,103,230,405,858,617,1639,856,2493,1267,1877,891,831,4425,6505,3470,6680,44196,31646,8532,1484,27033,11,6
2021-04-01T23:59:59+02:00,774,1065,1363,2331,1892,3944,3092,7122,4592,6686,5300,5224,10904,14047,3715,7175,102,230,403,854,616,1636,855,2490,1264,1873,881,830,4421,6502,3469,6680,44184,31637,8390,1452,26646,11,6
2021-03-31T23:59:59+02:00,772,1061,1355,2318,1880,3932,3065,7092,4526,6630,5157,5063,10405,13454,3712,7170,102,230,402,854,616,1636,855,2490,1262,1873,880,830,4420,6501,3469,6679,44174,31630,7263,1452,26149,11,6
2021-03-30T23:59:59+02:00,763,1056,1336,2298,1847,3901,3023,7056,4438,6536,4979,4857,9906,12777,3705,7157,98,226,402,850,611,1633,849,2485,1255,1869,870,821,4413,6497,3468,6679,44152,31612,6078,1399,25399,9,6
2021-03-29T23:59:59+02:00,758,1048,1323,2261,1826,3870,2991,7015,4366,6438,4777,4667,9841,12702,3703,7146,98,226,402,847,607,1630,848,2478,1251,1863,861,813,4406,6493,3468,6679,44085,31600,5863,1355,24778,9,6
2021-03-28T23:59:59+02:00,755,1046,1319,2258,1812,3860,2973,7000,4327,6377,4681,4555,9810,12647,3697,7139,98,226,402,846,607,1630,846,2478,1249,1863,860,813,4405,6493,3468,6679,44063,31598,5854,1350,24333,9,6
2021-03-27T23:59:59+01:00,751,1041,1311,2250,1792,3845,2947,6972,4099,6191,4167,4127,9599,12422,3689,7124,98,226,399,844,606,1628,843,2475,1242,1857,856,808,4175,6112,3415,6600,42148,30819,5850,1350,24323,9,6
2021-03-26T23:59:59+01:00,744,1033,1303,2240,1773,3827,2918,6947,4011,6091,3641,3689,9131,11964,3680,7111,98,226,398,843,605,1625,839,2472,1232,1851,845,792,3376,5065,3287,6366,40212,28555,5837,1350,24048,9,6
2021-03-25T23:59:59+01:00,737,1027,1290,2227,1751,3799,2857,6907,3919,6003,3460,3472,9047,11872,3675,7109,98,226,398,843,605,1625,838,2471,1232,1851,845,792,3374,5064,3287,6365,40200,28549,5730,1350,23216,9,6
2021-03-24T23:59:59+01:00,727,1018,1258,2202,1704,3749,2776,6830,3753,5842,3121,3112,8687,11360,3666,7097,94,224,386,828,586,1605,805,2439,1177,1820,818,755,3366,5059,3287,6363,40178,28248,4976,1349,21742,9,6
2021-03-23T23:59:59+01:00,714,1008,1229,2167,1658,3701,2690,6743,3591,5670,2739,2720,8503,11184,3659,7080,89,220,373,801,548,1573,739,2375,1073,1738,735,698,3340,5027,3284,6361,40137,27617,4686,1342,20227,9,6
2021-03-22T23:59:59+01:00,685,887,1190,2120,1628,3645,2627,6666,3443,5531,2486,2482,8205,10844,3646,7050,89,219,373,801,548,1571,738,2374,1070,1737,733,695,3337,5022,3283,6359,39669,27592,4359,1342,19101,9,6
2021-03-21T23:59:59+01:00,684,882,1185,2113,1617,3637,2609,6650,3396,5484,2337,2315,8134,10753,3639,7037,89,219,373,800,548,1571,738,2374,1070,1737,733,695,3337,5021,3283,6359,39665,27590,4345,1342,18456,9,6
2021-03-20T23:59:59+01:00,682,882,1183,2105,1612,3632,2603,6643,3375,5461,2307,2276,7643,10238,3626,7022,89,219,373,800,547,1571,737,2373,1070,1736,733,695,3337,5020,3281,6357,38627,27581,4333,1342,18324,9,6
2021-03-19T23:59:59+01:00,673,875,1169,2089,1577,3607,2533,6485,3308,5370,2120,2093,7347,9930,3612,7001,89,219,372,793,543,1569,732,2362,1058,1725,724,688,2803,4270,2970,5757,38021,25324,4317,1342,17445,2,6
2021-03-18T23:59:59+01:00,657,858,1150,2058,1546,3574,2495,6411,3233,5280,1949,1890,7247,9830,3610,6991,88,219,372,792,543,1569,731,2358,1054,1724,716,685,2743,4189,2955,5724,38001,25134,4306,1320,16466,2,6
2021-03-17T23:59:59+01:00,623,827,1107,2000,1509,3487,2408,6288,3078,5118,1684,1623,7113,9701,3601,6978,86,213,360,766,527,1518,709,2304,1015,1686,698,663,2483,3877,2896,5624,37930,24168,3783,1249,15426,2,6
2021-03-16T23:59:59+01:00,576,795,1066,1943,1459,3370,2334,6142,2963,4973,1474,1400,7009,9574,3592,6961,79,194,337,708,499,1435,676,2161,986,1578,645,613,2374,3737,2878,5549,37876,23424,3165,1018,14585,2,5
2021-03-15T23:59:59+01:00,560,778,1036,1899,1421,3296,2299,6058,2874,4890,1348,1264,6425,8883,3570,6917,76,182,322,648,481,1317,640,2034,942,1465,618,594,2336,3695,2867,5493,36642,23023,2808,685,14068,2,0
2021-03-14T23:59:59+01:00,555,772,1026,1885,1418,3280,2283,6040,2838,4861,1306,1208,6024,8441,3559,6906,75,177,318,625,475,1289,634,1973,932,1446,618,594,2336,3694,2866,5492,35828,23017,2803,525,13771,2,0
2021-03-13T23:59:59+01:00,533,749,987,1838,1360,3213,2011,5396,2611,4501,1203,1097,5346,7558,3542,6877,75,177,317,622,473,1287,632,1971,932,1442,615,589,1881,3059,2443,4890,34151,20878,2799,525,11872,2,0
2021-03-12T23:59:59+01:00,515,724,968,1794,1323,3114,1791,4533,2418,4134,1134,1024,4626,6721,3528,6841,75,175,316,618,473,1283,628,1965,929,1436,612,582,1479,2391,1989,4230,32476,18655,2796,525,9916,1,0
2021-03-11T23:59:59+01:00,510,717,958,1782,1309,3093,1765,4500,2380,4096,1059,971,4588,6688,3526,6839,75,166,309,597,460,1229,618,1916,907,1403,603,569,1474,2373,1980,4181,32443,18406,2703,453,9635,1,0
2021-03-10T23:59:59+01:00,488,701,908,1718,1254,3021,1689,4398,2319,4011,1027,949,4575,6675,3525,6837,74,166,307,592,458,1223,614,1894,907,1398,595,559,1407,2276,1945,4137,32428,18122,2137,429,9530,1,0
2021-03-09T23:59:59+01:00,467,683,857,1668,1216,2949,1642,4319,2277,3964,1012,940,4569,6668,3524,6836,72,164,306,590,457,1214,612,1882,901,1392,593,551,1174,1930,1856,4000,32384,17291,1689,402,9518,1,0
2021-03-08T23:59:59+01:00,460,672,847,1652,1206,2934,1636,4293,2264,3952,1000,929,4535,6623,3522,6832,71,162,303,588,453,1208,610,1878,898,1390,593,551,1092,1830,1824,3967,32260,17038,1593,379,9504,1,0
2021-03-07T23:59:59+01:00,459,669,847,1651,1203,2932,1633,4286,2254,3946,993,921,4529,6619,3521,6831,68,158,293,567,441,1174,592,1774,866,1328,592,551,980,1683,1783,3915,32243,16678,1554,87,9497,0,0
2021-03-06T23:59:59+01:00,450,649,828,1617,1178,2876,1588,4204,2061,3457,969,893,4304,6258,3474,6759,68,158,293,567,441,1173,592,1774,866,1328,592,551,977,1682,1780,3914,31527,16669,1554,87,8484,0,0
2021-03-05T23:59:59+01:00,434,601,795,1512,1123,2652,1502,3976,1851,2796,951,867,3478,5188,3350,6530,68,157,292,564,437,1167,591,1769,864,1324,587,549,937,1620,1762,3884,29224,16485,1553,87,6829,0,0
2021-03-04T23:59:59+01:00,419,591,786,1493,1111,2628,1480,3946,1831,2778,938,864,3472,5184,3349,6529,68,156,289,560,433,1149,582,1749,863,1316,585,548,891,1557,1748,3858,29211,16327,1513,25,6675,0,0
2021-03-03T23:59:59+01:00,407,552,767,1434,1077,2543,1431,3795,1749,2689,911,821,3463,5180,3349,6527,67,156,286,556,432,1146,580,1740,860,1313,585,547,859,1497,1672,3720,28898,15993,1513,23,6284,0,0
2021-03-02T23:59:59+01:00,401,542,751,1404,1027,2498,1356,3709,1632,2594,822,759,3430,5143,3345,6525,66,156,286,551,431,1140,580,1732,860,1311,584,547,859,1497,1672,3720,28260,15969,1450,23,6228,0,0
2021-03-01T23:59:59+01:00,394,527,747,1353,1012,2435,1336,3634,1607,2545,805,750,3422,5137,3345,6525,66,154,285,548,422,1126,580,1717,850,1305,584,545,749,1319,1632,3665,28221,15524,1401,23,5952,0,0
2021-02-28T23:59:59+01:00,389,513,738,1308,1000,2357,1320,3552,1588,2466,801,744,3421,5133,3344,6523,66,154,285,548,422,1125,580,1717,849,1305,584,544,642,1170,1597,3609,28210,15174,1398,23,5589,0,0
2021-02-27T23:59:59+01:00,378,489,724,1284,980,2314,1287,3482,1563,2419,784,734,3420,5133,3344,6523,66,154,285,548,422,1125,579,1717,848,1305,584,544,642,1169,1597,3609,28209,15171,1398,23,5251,0,0
2021-02-26T23:59:59+01:00,348,426,675,1219,911,2188,1194,3318,1467,2287,759,718,2878,4376,3031,5905,66,154,282,546,422,1123,577,1714,845,1300,579,541,635,1155,1590,3593,25930,15099,1398,23,4372,0,0
2021-02-25T23:59:59+01:00,342,410,660,1191,890,2143,1174,3245,1451,2252,757,716,2819,4294,3014,5871,64,150,278,539,422,1120,572,1701,842,1291,571,535,553,1035,1551,3550,25712,14753,1398,21,4119,0,0
2021-02-24T23:59:59+01:00,317,393,614,1145,837,2070,1116,3154,1412,2200,739,694,2560,3973,2953,5765,63,146,274,529,416,1105,565,1678,839,1274,564,524,539,1014,1541,3530,24727,14586,1398,15,3817,0,0
2021-02-23T23:59:59+01:00,299,368,586,1088,801,1982,1035,2997,1350,2119,686,643,2448,3831,2936,5685,63,144,272,522,416,1086,555,1648,831,1255,553,516,527,963,1531,3487,23934,14354,1393,15,3527,0,0
2021-02-22T23:59:59+01:00,294,355,572,1027,784,1905,1008,2904,1313,2060,665,623,2420,3794,2929,5630,62,143,267,516,414,1072,546,1625,825,1237,538,502,510,937,1526,3436,23539,14141,1393,15,3351,0,0
2021-02-21T23:59:59+01:00,291,344,565,1005,771,1862,1000,2858,1283,2039,665,621,2418,3794,2928,5629,62,143,266,516,414,1072,546,1625,825,1235,538,502,510,937,1526,3435,23533,14137,1393,15,3147,0,0
2021-02-20T23:59:59+01:00,194,309,502,951,706,1791,925,2752,1200,1957,655,608,1953,3123,2480,4990,62,143,266,516,414,1072,546,1624,825,1235,538,502,510,937,1526,3435,21285,14136,1393,15,2418,0,0
2021-02-19T23:59:59+01:00,94,236,386,871,583,1648,789,2608,1073,1811,646,594,1563,2474,2024,4336,62,143,266,516,414,1071,546,1623,825,1235,538,502,502,933,1524,3430,19092,14116,1393,14,1251,0,0
2021-02-18T23:59:59+01:00,90,224,375,827,560,1554,759,2468,1036,1750,635,583,1555,2455,2015,4287,59,134,260,487,399,1009,533,1543,803,1166,527,488,496,915,1522,3412,18855,13739,1367,14,951,0,0
2021-02-17T23:59:59+01:00,89,216,362,797,548,1522,726,2345,1008,1685,627,571,1490,2356,1977,4250,59,130,257,476,391,964,521,1479,785,1091,515,477,494,914,1522,3412,18595,13473,1294,14,680,0,0
2021-02-16T23:59:59+01:00,83,208,344,751,523,1448,693,2233,985,1594,617,562,1217,1973,1885,4109,57,121,257,469,383,931,508,1414,759,1026,495,467,493,914,1519,3411,17682,13222,1055,2,488,0,0
2021-02-15T23:59:59+01:00,77,183,318,644,485,1305,639,2020,937,1451,607,561,1120,1854,1850,4061,56,121,256,463,379,926,506,1409,758,1020,495,467,492,910,1518,3408,17360,13184,717,0,35,0,0
2021-02-14T23:59:59+01:00,76,177,315,619,479,1274,629,1963,923,1434,607,561,1015,1717,1812,4017,56,121,256,463,379,926,506,1407,758,1020,495,467,492,910,1518,3408,17033,13182,564,0,21,0,0
2021-02-13T23:59:59+01:00,76,176,315,618,477,1270,628,1961,923,1430,606,560,1015,1713,1809,4015,56,120,256,463,377,922,505,1402,756,1018,493,466,473,866,1264,2950,17007,12387,564,0,21,0,0
2021-02-12T23:59:59+01:00,76,176,314,617,473,1266,628,1957,920,1429,601,559,974,1653,1793,3983,56,120,256,458,373,914,501,1393,750,1012,486,459,451,819,914,2256,16836,11218,564,0,19,0,0
2021-02-11T23:59:59+01:00,76,170,310,604,461,1239,622,1933,913,1417,600,559,923,1586,1780,3955,56,114,240,428,360,858,485,1322,732,990,486,458,451,819,912,2255,16661,10966,481,0,6,0,0
2021-02-10T23:59:59+01:00,74,170,307,601,458,1235,619,1917,908,1413,600,559,912,1568,1762,3913,55,100,201,346,307,746,433,1162,652,901,458,453,449,819,912,2254,16560,10248,454,0,2,0,0
2021-02-09T23:59:59+01:00,71,168,302,595,455,1226,618,1902,902,1408,599,558,891,1528,1703,3815,47,82,141,265,232,582,351,956,553,771,427,444,445,818,909,2254,16314,9277,426,0,1,0,0
2021-02-08T23:59:59+01:00,70,166,299,589,452,1219,617,1884,895,1403,599,556,774,1351,1663,3759,42,66,99,174,170,427,288,725,496,655,421,439,442,816,908,2254,15893,8422,402,0,1,0,0
2021-02-07T23:59:59+01:00,67,162,289,567,435,1180,600,1776,862,1337,599,555,661,1198,1627,3701,41,65,95,170,166,421,284,713,491,644,419,439,442,816,908,2253,15522,8367,94,0,0,0,0
2021-02-06T23:59:59+01:00,67,162,288,567,435,1179,598,1776,860,1334,595,553,659,1188,1621,3695,38,62,94,168,163,411,278,704,479,637,413,439,403,762,676,1875,15483,7602,94,0,0,0,0
2021-02-05T23:59:59+01:00,67,162,286,564,435,1177,597,1775,858,1332,593,553,650,1180,1615,3684,36,58,90,164,157,401,271,685,462,629,407,439,391,728,289,1258,15434,6465,94,0,0,0,0
2021-02-04T23:59:59+01:00,65,159,281,558,429,1158,581,1749,855,1318,584,544,561,1052,1573,3638,35,54,84,159,149,387,260,668,445,615,400,433,388,721,287,1252,15078,6337,27,0,0,0,0
2021-02-03T23:59:59+01:00,64,153,277,549,428,1142,579,1734,853,1304,578,532,552,1043,1570,3626,26,39,70,125,112,281,190,522,338,478,299,331,309,564,223,1002,14959,4909,25,0,0,0,0
2021-02-02T23:59:59+01:00,64,151,274,542,428,1122,566,1700,845,1285,564,521,543,993,1561,3585,18,27,45,80,82,189,135,354,215,349,211,211,198,359,159,662,14719,3294,25,0,0,0,0
2021-02-01T23:59:59+01:00,63,149,271,534,426,1105,558,1672,839,1270,553,512,529,964,1554,3542,7,14,22,43,44,96,67,173,97,156,102,97,79,158,68,303,14516,1526,25,0,0,0,0
2021-01-31T23:59:59+01:00,63,148,270,534,422,1101,558,1667,837,1266,553,512,529,964,1554,3541,7,13,20,40,39,80,63,148,82,140,98,97,78,157,66,302,14494,1430,25,0,0,0,0
2021-01-30T23:59:59+01:00,63,148,270,534,422,1101,558,1667,837,1266,553,512,529,964,1554,3541,7,13,20,40,39,80,63,148,82,140,98,96,78,157,66,302,14494,1429,25,0,0,0,0
2021-01-29T23:59:59+01:00,63,148,270,534,422,1101,558,1667,837,1266,553,512,529,964,1554,3541,7,13,20,40,39,80,63,148,82,140,98,96,78,157,66,302,14494,1429,25,0,0,0,0
2021-01-28T23:59:59+01:00,61,138,264,499,409,1038,542,1578,813,1192,542,497,523,947,1552,3526,2,2,5,7,9,14,21,35,21,28,15,19,19,35,17,92,14102,341,19,0,0,0,0
2021-01-27T23:59:59+01:00,59,133,263,487,401,991,531,1513,795,1117,530,485,521,946,1552,3526,2,2,5,7,7,14,21,34,21,27,15,19,19,35,17,92,13833,337,17,0,0,0,0
2021-01-26T23:59:59+01:00,58,127,259,482,392,959,520,1446,770,1051,509,475,520,946,1552,3526,1,2,5,7,7,12,19,31,17,22,14,16,17,33,17,85,13576,305,16,0,0,0,0
2021-01-25T23:59:59+01:00,57,127,257,477,388,953,520,1443,769,1046,509,475,520,944,1552,3524,0,0,0,0,0,0,0,0,0,0,1,1,0,1,0,0,13546,3,15,0,0,0,0
2021-01-24T23:59:59+01:00,57,127,257,477,388,953,520,1442,769,1046,509,475,520,944,1552,3524,0,0,0,0,0,0,0,0,0,0,1,1,0,1,0,0,13545,3,15,0,0,0,0
2021-01-23T23:59:59+01:00,57,126,257,477,387,949,520,1435,768,1044,506,474,501,900,1299,3055,0,0,0,0,0,0,0,0,0,0,1,1,0,1,0,0,12740,3,15,0,0,0,0
2021-01-22T23:59:59+01:00,57,126,256,472,382,941,516,1425,763,1037,500,467,479,851,937,2337,0,0,0,0,0,0,0,0,0,0,1,1,0,1,0,0,11531,3,15,0,0,0,0
2021-01-21T23:59:59+01:00,57,120,237,439,356,873,487,1332,737,1012,498,467,479,851,936,2336,0,0,0,0,0,0,0,0,0,0,1,1,0,1,0,0,11202,3,15,0,0,0,0
2021-01-20T23:59:59+01:00,55,105,205,366,315,777,444,1186,662,926,469,461,477,851,935,2335,0,0,0,0,0,0,0,0,0,0,1,1,0,1,0,0,10554,3,15,0,0,0,0
2021-01-19T23:59:59+01:00,49,88,152,283,243,610,367,1000,575,807,439,452,473,850,935,2335,0,0,0,0,0,0,0,0,0,0,1,0,0,1,0,0,9651,2,7,0,0,0,0
2021-01-18T23:59:59+01:00,43,67,100,182,175,442,301,741,505,671,433,447,470,846,933,2335,0,0,0,0,0,0,0,0,0,0,0,0,0,0,0,0,8691,0,0,0,0,0,0
2021-01-17T23:59:59+01:00,41,66,97,176,170,435,298,731,500,658,431,447,470,846,933,2334,0,0,0,0,0,0,0,0,0,0,0,0,0,0,0,0,8633,0,0,0,0,0,0
2021-01-16T23:59:59+01:00,38,63,95,175,165,426,291,723,483,651,425,447,428,793,694,1951,0,0,0,0,0,0,0,0,0,0,0,0,0,0,0,0,7848,0,0,0,0,0,0
2021-01-15T23:59:59+01:00,36,59,92,170,162,418,284,706,469,644,419,447,417,759,299,1324,0,0,0,0,0,0,0,0,0,0,0,0,0,0,0,0,6705,0,0,0,0,0,0
2021-01-14T23:59:59+01:00,36,55,88,168,158,412,277,698,458,636,416,445,417,758,299,1324,0,0,0,0,0,0,0,0,0,0,0,0,0,0,0,0,6645,0,0,0,0,0,0
2021-01-13T23:59:59+01:00,26,40,72,134,120,309,209,559,354,504,317,343,339,596,235,1065,0,0,0,0,0,0,0,0,0,0,0,0,0,0,0,0,5222,0,0,0,0,0,0
2021-01-12T23:59:59+01:00,18,30,51,90,89,222,153,405,237,377,225,222,223,393,170,720,0,0,0,0,0,0,0,0,0,0,0,0,0,0,0,0,3625,0,0,0,0,0,0
2021-01-11T23:59:59+01:00,9,19,29,50,60,139,93,226,125,197,115,106,93,178,78,330,0,0,0,0,0,0,0,0,0,0,0,0,0,0,0,0,1847,0,0,0,0,0,0
2021-01-10T23:59:59+01:00,8,18,24,45,54,110,83,185,105,165,110,104,90,176,75,330,0,0,0,0,0,0,0,0,0,0,0,0,0,0,0,0,1682,0,0,0,0,0,0
2021-01-09T23:59:59+01:00,8,18,24,45,54,110,83,185,105,165,110,103,90,176,75,330,0,0,0,0,0,0,0,0,0,0,0,0,0,0,0,0,1681,0,0,0,0,0,0
2021-01-08T23:59:59+01:00,8,17,23,44,51,102,79,175,99,162,106,100,86,166,73,322,0,0,0,0,0,0,0,0,0,0,0,0,0,0,0,0,1613,0,0,0,0,0,0
2021-01-07T23:59:59+01:00,2,3,5,8,9,15,24,36,21,32,16,19,20,36,19,96,0,0,0,0,0,0,0,0,0,0,0,0,0,0,0,0,361,0,0,0,0,0,0
2021-01-06T23:59:59+01:00,2,2,5,7,7,14,23,35,20,29,16,19,20,36,19,95,0,0,0,0,0,0,0,0,0,0,0,0,0,0,0,0,349,0,0,0,0,0,0
2021-01-05T23:59:59+01:00,2,2,5,7,7,14,23,35,20,29,16,19,20,36,19,95,0,0,0,0,0,0,0,0,0,0,0,0,0,0,0,0,349,0,0,0,0,0,0
2021-01-04T23:59:59+01:00,0,0,0,0,0,0,1,0,0,0,1,1,0,1,0,0,0,0,0,0,0,0,0,0,0,0,0,0,0,0,0,0,4,0,0,0,0,0,0
2021-01-03T23:59:59+01:00,0,0,0,0,0,0,1,0,0,0,1,1,0,1,0,0,0,0,0,0,0,0,0,0,0,0,0,0,0,0,0,0,4,0,0,0,0,0,0
2021-01-02T23:59:59+01:00,0,0,0,0,0,0,1,0,0,0,1,1,0,1,0,0,0,0,0,0,0,0,0,0,0,0,0,0,0,0,0,0,4,0,0,0,0,0,0
2021-01-01T23:59:59+01:00,0,0,0,0,0,0,1,0,0,0,1,1,0,1,0,0,0,0,0,0,0,0,0,0,0,0,0,0,0,0,0,0,4,0,0,0,0,0,0
2020-12-31T23:59:59+01:00,0,0,0,0,0,0,1,0,0,0,1,1,0,1,0,0,0,0,0,0,0,0,0,0,0,0,0,0,0,0,0,0,4,0,0,0,0,0,0
2020-12-30T23:59:59+01:00,0,0,0,0,0,0,1,0,0,0,1,1,0,1,0,0,0,0,0,0,0,0,0,0,0,0,0,0,0,0,0,0,4,0,0,0,0,0,0
2020-12-29T23:59:59+01:00,0,0,0,0,0,0,1,0,0,0,1,0,0,1,0,0,0,0,0,0,0,0,0,0,0,0,0,0,0,0,0,0,3,0,0,0,0,0,0
2020-12-28T23:59:59+01:00,0,0,0,0,0,0,0,0,0,0,1,0,0,0,0,0,0,0,0,0,0,0,0,0,0,0,0,0,0,0,0,0,1,0,0,0,0,0,0
2020-12-27T23:59:59+01:00,0,0,0,0,0,0,0,0,0,0,0,0,0,0,0,0,0,0,0,0,0,0,0,0,0,0,0,0,0,0,0,0,0,0,0,0,0,0,0
