Datum,<15_m,<15_w,15-24_1_m,15-24_1_w,25-34_1_m,25-34_1_w,35-44_1_m,35-44_1_w,45-54_1_m,45-54_1_w,55-64_1_m,55-64_1_w,65-74_1_m,65-74_1_w,75-84_1_m,75-84_1_w,>84_1_m,>84_1_w,<24_2_m,<24_2_w,25-34_2_m,25-34_2_w,35-44_2_m,35-44_2_w,45-54_2_m,45-54_2_w,55-64_2_m,55-64_2_w,65-74_2_m,65-74_2_w,75-84_2_m,75-84_2_w,>84_2_m,>84_2_w,bp_1,bp_2,mo_1,mo_2,az_1,az_2,ja,unb_1,unb_2
2021-07-28T23:59:59+02:00,6245,5677,50296,47527,58680,54146,68464,69229,89827,92190,102052,101654,71121,77526,50282,61656,14098,24316,33807,32116,47679,43494,59711,60472,81049,83318,91834,92108,67206,73324,48243,59008,13596,23264,765511,655820,68563,65564,181198,163383,29695,19,41
2021-07-27T23:59:59+02:00,6194,5632,50140,47393,58552,54058,68374,69145,89732,92081,101948,101583,71080,77473,50253,61623,14093,24305,32358,30718,46419,42408,58889,59697,80457,82802,90837,91287,66935,73046,48156,58884,13568,23223,764660,647249,68538,65503,181175,161645,29267,19,41
2021-07-26T23:59:59+02:00,6171,5603,50020,47304,58454,53975,68301,69093,89646,92022,101884,101535,71043,77438,50229,61603,14088,24296,30992,29458,45103,41288,57794,58721,79760,82176,89677,90271,66631,72775,48067,58770,13547,23181,764134,638223,68473,65419,181137,159361,28942,19,41
2021-07-25T23:59:59+02:00,6153,5585,49908,47197,58368,53909,68241,69037,89582,91969,101827,101490,71011,77402,50212,61580,14085,24286,30787,29301,44844,41093,57542,58499,79493,81977,88723,89425,66425,72603,48000,58697,13536,23157,763733,637077,68462,65306,181115,156915,28513,19,41
2021-07-24T23:59:59+02:00,6122,5558,49796,47108,58307,53849,68196,68985,89537,91929,101790,101451,71007,77396,50209,61577,14084,24283,29183,27713,43690,40010,56848,57790,78879,81408,88086,88864,66247,72411,47929,58596,13522,23134,763162,627035,68454,65296,181112,156776,28437,19,41
2021-07-23T23:59:59+02:00,6038,5471,49619,46935,58214,53746,68089,68884,89433,91828,101700,101359,70971,77340,50189,61546,14080,24277,27492,26181,42436,38932,55927,56911,78195,80798,87381,88206,65976,72139,47851,58497,13501,23104,761804,616526,68450,65136,181093,156310,28353,19,41
2021-07-22T23:59:59+02:00,5900,5357,49326,46654,58016,53549,67919,68718,89251,91677,101548,101228,70906,77259,50149,61494,14069,24258,26673,25352,41519,38124,54990,56088,77455,80174,85715,86712,65605,71742,47744,58365,13470,23053,759896,608064,68409,64645,181063,154841,27891,19,41
2021-07-21T23:59:59+02:00,5625,5075,48793,46129,57709,53239,67690,68446,88978,91430,101282,100963,70780,77128,50091,61431,14060,24233,26421,25132,41100,37846,54558,55707,77090,79893,84916,86110,65439,71613,47689,58300,13452,23028,756308,606120,68385,64377,181042,153072,27328,19,41
2021-07-20T23:59:59+02:00,5548,5002,48512,45853,57540,53035,67518,68302,88801,91279,101120,100819,70706,77063,50052,61385,14051,24208,25264,23987,39811,36820,53230,54515,76193,79127,83565,84773,65140,71272,47585,58163,13424,22983,754648,595807,68380,64233,181001,151496,26746,19,41
2021-07-19T23:59:59+02:00,5470,4918,48188,45527,57325,52826,67353,68102,88616,91105,100973,100660,70630,76982,50012,61335,14042,24179,24437,23154,38514,35705,51507,53023,74938,78085,82461,83794,64853,71016,47493,58045,13400,22944,752866,585837,68372,64090,180974,149720,26012,19,41
2021-07-18T23:59:59+02:00,5463,4917,48124,45476,57238,52755,67291,68037,88538,91043,100904,100596,70599,76941,49986,61302,14040,24167,24304,23052,38258,35496,51184,52743,74697,77895,81567,83036,64670,70839,47437,57972,13395,22922,752615,584801,68349,63931,180935,147506,25499,19,41
2021-07-17T23:59:59+02:00,5438,4881,48030,45402,57169,52693,67231,67983,88483,90985,100861,100577,70592,76926,49981,61298,14040,24166,22916,21586,36865,34202,49940,51557,74101,77344,80936,82442,64543,70692,47371,57911,13386,22902,752082,573950,68347,63907,180932,147369,25356,19,41
2021-07-16T23:59:59+02:00,5336,4804,47791,45173,57047,52588,67116,67872,88347,90891,100759,100476,70549,76878,49960,61279,14034,24159,21667,20342,35572,32969,48500,50245,73107,76418,80243,81793,64326,70474,47293,57814,13368,22870,750664,562415,68347,63848,180926,147167,25103,19,41
2021-07-15T23:59:59+02:00,5198,4677,47399,44856,56842,52391,66928,67693,88136,90695,100574,100309,70452,76777,49913,61205,14024,24130,21066,19843,34653,32276,47274,49316,71943,75516,78106,79673,63732,69883,47151,57639,13349,22808,748637,553157,68333,62844,180882,145332,24328,19,41
2021-07-14T23:59:59+02:00,4826,4351,46810,44285,56613,52127,66727,67492,87927,90455,100359,100113,70345,76669,49848,61123,14013,24106,20864,19698,34400,32124,46911,49019,71419,75132,77443,79144,63413,69608,47070,57555,13328,22773,745213,551397,68319,62663,180831,143437,23807,19,41
2021-07-13T23:59:59+02:00,4739,4274,46617,44133,56455,51984,66567,67349,87776,90334,100223,99995,70274,76608,49811,61079,14009,24091,20318,19172,33382,31325,45312,47575,69681,73491,75856,77602,63040,69220,46942,57388,13299,22722,743919,540610,68305,61911,180764,141829,23311,19,41
2021-07-12T23:59:59+02:00,4678,4198,46437,43944,56307,51846,66414,67227,87607,90198,100072,99861,70199,76526,49774,61028,14002,24073,19842,18738,32595,30703,43657,46132,67320,71420,73974,76105,62511,68636,46800,57226,13271,22673,742692,529559,68284,61354,180673,139259,22724,18,41
2021-07-11T23:59:59+02:00,4673,4194,46365,43893,56250,51796,66366,67193,87548,90149,100001,99802,70162,76484,49764,61013,14000,24059,19637,18591,32257,30457,43216,45760,66864,71064,73201,75411,62114,68260,46730,57138,13256,22641,742557,527798,68277,61033,180610,136797,22250,18,41
2021-07-10T23:59:59+02:00,4546,4058,46083,43584,56067,51603,66221,67022,87418,90012,99903,99699,70107,76426,49744,60987,13997,24050,19081,18037,31313,29593,41479,44182,65396,69794,72572,74796,61950,68111,46677,57086,13249,22627,740482,517226,68273,61017,180600,136765,22154,18,41
2021-07-09T23:59:59+02:00,4419,3944,45810,43331,55899,51414,66067,66865,87268,89852,99773,99596,70057,76354,49708,60946,13992,24038,18485,17465,30344,28638,39521,42255,63106,67675,71413,73657,61679,67789,46602,56960,13232,22602,738461,503554,68262,60635,180594,136359,21998,18,41
2021-07-08T23:59:59+02:00,4389,3919,45678,43224,55781,51299,65939,66764,87149,89731,99654,99499,70007,76301,49689,60909,13981,24025,17546,16661,28950,27601,37810,40815,60978,65860,68072,70521,60796,66820,46362,56620,13187,22507,737760,488348,68206,58577,180525,133783,21429,18,41
2021-07-07T23:59:59+02:00,4378,3914,45611,43182,55706,51256,65858,66725,87095,89693,99611,99448,69991,76279,49680,60891,13977,24014,16581,15806,27574,26595,36293,39587,59363,64410,64866,67066,59784,65783,46126,56301,13137,22435,737478,473098,68163,56683,180471,131647,21179,18,41
2021-07-06T23:59:59+02:00,4324,3868,45470,43059,55579,51116,65755,66618,86993,89606,99534,99365,69953,76221,49662,60863,13974,24000,15811,15062,26499,25687,34462,37886,55972,61400,62230,64624,59033,64996,45854,55967,13096,22332,736375,455280,68145,55870,180415,129524,21007,18,41
2021-07-05T23:59:59+02:00,4264,3824,45295,42887,55435,51023,65641,66511,86880,89514,99451,99273,69890,76157,49641,60836,13971,23985,15152,14434,25546,24874,33243,36758,52882,58435,59467,62167,58197,64189,45605,55656,13051,22255,735222,439248,68116,55513,180341,127053,20781,18,41
2021-07-04T23:59:59+02:00,4256,3818,45250,42861,55375,50997,65602,66490,86842,89483,99419,99245,69867,76137,49635,60821,13966,23975,14944,14230,25109,24526,32647,36232,52218,57910,58487,61303,57539,63560,45423,55454,13032,22208,735051,435175,68086,55309,180273,124375,20611,18,39
2021-07-03T23:59:59+02:00,4038,3642,44715,42297,55057,50627,65313,66216,86597,89226,99224,99046,69794,76065,49612,60775,13962,23964,14658,13910,24758,24175,31670,35315,50482,56361,57623,60566,57367,63365,45356,55369,13020,22183,731263,426614,68071,55295,180268,124333,20550,18,39
2021-07-02T23:59:59+02:00,3730,3356,44065,41707,54732,50297,65033,65918,86328,88979,98989,98823,69690,75953,49560,60706,13956,23947,14245,13472,24062,23584,30521,34266,47872,54218,55500,58787,56976,62941,45198,55213,13004,22145,726950,414232,68055,54250,180255,123603,20492,17,15
2021-07-01T23:59:59+02:00,3592,3247,43713,41357,54532,50129,64880,65760,86180,88844,98841,98709,69623,75884,49530,60673,13948,23932,13556,12778,22773,22501,28855,32752,45869,52474,53010,56519,55558,61376,44703,54597,12931,22017,724848,400730,67995,51943,180210,119785,20304,17,15
2021-06-30T23:59:59+02:00,3581,3231,43444,41162,54351,50004,64768,65673,86094,88782,98773,98661,69596,75861,49518,60650,13944,23923,12801,12160,21605,21595,27266,31382,44029,50750,49385,52576,54231,60050,44347,54158,12875,21889,723737,384966,67952,50053,180190,116352,20120,17,15
2021-06-29T23:59:59+02:00,3364,3012,42532,40321,53751,49413,64339,65249,85689,88330,98427,98334,69469,75712,49461,60580,13925,23892,12202,11556,20808,20833,25923,30183,41413,48352,47523,51036,53263,58943,43940,53622,12781,21736,717780,372979,67901,48548,180176,112972,19926,17,15
2021-06-28T23:59:59+02:00,3147,2833,41570,39315,53095,48771,63884,64869,85306,87943,98096,97992,69333,75552,49396,60480,13907,23869,11702,11108,20158,20244,24966,29288,39325,46412,45901,49680,52159,57901,43578,53118,12702,21616,711638,363524,67796,47530,180167,109301,19740,17,15
2021-06-27T23:59:59+02:00,3142,2830,41537,39284,53054,48740,63849,64838,85253,87908,98046,97965,69316,75541,49387,60466,13902,23867,11509,10916,19837,19927,24391,28733,38305,45570,44747,48589,51135,56898,43145,52613,12620,21481,711449,358965,67772,47092,180131,105005,19556,17,15
2021-06-26T23:59:59+02:00,2662,2357,40138,37913,52320,47991,63295,64275,84767,87393,97624,97534,69125,75365,49314,60361,13883,23844,11396,10817,19668,19777,24196,28519,37832,45134,44383,48242,51022,56755,43099,52566,12615,21466,702718,356050,67749,47086,180131,104987,19546,17,15
2021-06-25T23:59:59+02:00,2258,2024,39283,37094,51970,47631,62966,63951,84488,87082,97373,97269,69022,75252,49268,60301,13868,23822,11092,10507,19286,19354,23677,27906,35142,42839,42207,46332,50685,56378,43000,52437,12591,21436,697651,344512,67616,46641,180125,104344,19513,17,15
2021-06-24T23:59:59+02:00,2204,1974,38795,36637,51622,47302,62754,63749,84258,86891,97189,97118,68941,75188,49233,60256,13862,23806,10492,9924,18226,18486,22260,26660,33044,41006,39778,44042,49209,54740,42431,51738,12474,21233,694736,331676,67595,44039,180103,100806,19328,17,15
2021-06-23T23:59:59+02:00,2192,1951,38571,36403,51460,47142,62650,63647,84164,86799,97117,97034,68910,75157,49216,60234,13859,23796,10039,9496,17600,17940,21328,25816,31119,39391,35826,39601,47920,53382,42046,51234,12393,21067,693539,316236,67568,43420,180089,97506,19089,17,15
2021-06-22T23:59:59+02:00,2116,1889,37586,35463,50716,46470,62175,63208,83794,86398,96755,96723,68764,75019,49150,60154,13846,23764,9566,9051,16738,17257,20112,24749,28003,36626,33528,37734,46968,52415,41638,50677,12253,20833,687433,304109,67529,40684,180080,94441,18931,17,15
2021-06-21T23:59:59+02:00,1970,1750,36226,34226,49698,45597,61458,62552,83301,85927,96317,96322,68595,74849,49086,60060,13834,23731,9254,8759,16279,16896,19484,24265,26266,35073,32003,36446,45922,51339,41185,50130,12148,20642,679469,296809,67506,40045,180065,90801,18442,17,15
2021-06-20T23:59:59+02:00,1959,1742,36142,34173,49561,45485,61327,62425,83225,85873,96250,96264,68561,74821,49071,60042,13834,23720,9107,8657,16065,16727,19166,24008,25449,34418,31070,35501,45727,51138,41154,50078,12139,20622,678867,293027,67471,39458,180048,90473,18072,17,15
2021-06-19T23:59:59+02:00,1595,1443,34527,32623,48655,44667,60840,61920,82757,85397,95844,95911,68411,74658,49006,59961,13819,23696,9065,8580,15966,16606,19048,23858,25344,34261,30944,35363,45632,51042,41136,50053,12135,20612,670161,291700,67458,39455,180042,90440,18052,17,14
2021-06-18T23:59:59+02:00,1401,1270,32874,31029,47447,43478,59906,61009,81960,84653,95229,95336,68194,74440,48917,59822,13803,23666,8990,8493,15810,16457,18864,23672,25096,34025,30660,35046,45341,50698,41051,49977,12122,20598,659040,289544,67333,39339,180041,90016,18003,17,14
2021-06-17T23:59:59+02:00,1325,1212,31944,30185,46576,42776,59103,60167,81223,84006,94824,94957,68057,74296,48875,59746,13788,23637,8453,8125,15125,15901,18043,22851,23994,32904,29183,33696,44019,49201,40566,49367,12003,20410,652125,280638,67222,38517,180008,87363,17325,17,14
2021-06-16T23:59:59+02:00,1242,1148,31249,29485,45781,42029,58186,59300,80448,83240,94407,94581,67920,74136,48819,59655,13769,23611,7962,7806,14513,15394,17281,22133,22864,31957,28013,32597,42138,47098,40024,48792,11895,20225,645081,270993,67107,37919,179992,84973,16809,17,14
2021-06-15T23:59:59+02:00,1100,1030,29364,27686,44030,40492,56605,57663,79062,81927,93655,93914,67633,73845,48709,59497,13736,23546,7785,7676,14214,15156,16921,21836,22349,31582,27490,32175,41204,46086,39644,48373,11772,20005,630129,267960,67064,37416,179957,82565,16327,17,14
2021-06-14T23:59:59+02:00,1008,917,27817,26208,42423,38976,54949,56016,77968,80822,92960,93290,67381,73605,48613,59374,13716,23502,7600,7502,13838,14826,16400,21400,21665,31003,26819,31583,40824,45666,39262,47925,11641,19800,616895,265316,67010,37007,179929,79735,15694,17,14
2021-06-13T23:59:59+02:00,984,892,27615,26026,42041,38647,54411,55498,77622,80520,92768,93100,67291,73525,48576,59318,13701,23477,7458,7332,13573,14534,16019,21009,21239,30515,26291,31085,40427,45264,38804,47361,11462,19515,614200,263247,66879,36940,179899,76682,15017,17,14
2021-06-12T23:59:59+02:00,856,777,26080,24421,40870,37562,53738,54764,77090,80026,92217,92576,67136,73347,48507,59241,13688,23456,7412,7281,13453,14425,15886,20900,21055,30368,26175,30989,40410,45248,38796,47351,11462,19514,604611,262473,66876,36938,179892,76356,14956,17,14
2021-06-11T23:59:59+02:00,742,668,24455,22886,39511,36370,52513,53558,76121,79175,91639,92001,66901,73113,48446,59133,13669,23421,7354,7192,13283,14245,15676,20709,20786,30113,25909,30735,40102,44872,38712,47237,11445,19486,592823,260599,66799,36793,179884,75663,14799,17,14
2021-06-10T23:59:59+02:00,642,581,23461,21872,38291,35189,50918,52060,74804,77985,90031,90460,66547,72720,48320,58961,13643,23367,7074,6969,12765,13812,15047,20144,20028,29363,25119,30065,39407,44012,38362,46823,11333,19303,579934,257175,66327,36759,179834,71950,13740,17,14
2021-06-09T23:59:59+02:00,572,532,23012,21481,37634,34668,49807,51023,73566,76791,89440,89956,66422,72577,48270,58876,13628,23337,6802,6658,12170,13210,14268,19339,19117,28345,24141,28912,36848,41115,37798,46180,11185,19063,572785,246914,65871,36685,179792,68424,13127,17,13
2021-06-08T23:59:59+02:00,466,421,21497,20007,36023,33303,47701,49067,71432,74859,87973,88481,66109,72191,48137,58717,13596,23293,6672,6480,11796,12845,13792,18856,18516,27746,23588,28383,36566,40862,37509,45814,11077,18907,555428,245280,65597,36610,179763,65050,12468,17,13
2021-06-07T23:59:59+02:00,351,328,20491,19021,34476,31964,45426,47043,69298,72982,86997,87630,65887,71927,48063,58581,13576,23258,6520,6317,11377,12498,13256,18380,17789,27160,22958,27788,36246,40557,37091,45334,10964,18711,540226,243305,65427,36546,179707,61172,11922,17,13
2021-06-06T23:59:59+02:00,328,307,20309,18876,34083,31682,44821,46479,68684,72502,86788,87462,65831,71868,48052,58554,13569,23246,6387,6148,11057,12087,12828,17810,17154,26354,22265,26985,35779,40086,36611,44782,10808,18443,537128,240875,65105,36499,179664,56682,11527,17,13
2021-06-05T23:59:59+02:00,256,242,19058,17593,32742,30464,43592,45303,68109,71981,86258,86952,65740,71766,48004,58506,13562,23234,6336,6069,10954,11936,12705,17640,16988,26151,22097,26803,35718,40007,36589,44757,10806,18438,527106,240289,65105,36085,179627,56112,11507,17,13
2021-06-04T23:59:59+02:00,175,174,17859,16438,31425,29169,42036,43807,66766,70664,85446,86201,65553,71552,47928,58416,13546,23206,6234,5927,10781,11730,12491,17391,16635,25767,21579,26366,34835,39162,36275,44459,10789,18415,514250,238473,65038,35760,179620,53165,11436,17,13
2021-06-03T23:59:59+02:00,120,121,17220,15863,30441,28344,40581,42522,64997,69135,83195,83919,65129,71100,47800,58254,13528,23168,6063,5721,10477,11379,12176,16934,16190,25111,21036,25788,34170,38374,36101,44257,10756,18365,500481,236165,64345,35377,179578,50338,11016,17,13
2021-06-02T23:59:59+02:00,92,78,16880,15555,30134,28085,39914,41901,63410,67749,82256,83119,64988,70937,47740,58171,13525,23153,5951,5630,10307,11228,11954,16724,15897,24809,20697,25398,30939,34762,35876,44034,10727,18311,492995,227524,64344,35051,179576,49911,10755,17,13
2021-06-01T23:59:59+02:00,38,43,16092,14886,28645,27000,37568,39849,59858,64575,79835,80807,64638,70573,47612,57986,13492,23098,5674,5342,9792,10795,11419,16133,15232,24022,19959,24647,30594,34466,35677,43855,10699,18249,474734,226035,62792,34554,179507,46419,9545,17,12
2021-05-31T23:59:59+02:00,30,35,15522,14409,27711,26305,35605,38185,56423,61551,77805,79103,64304,70217,47469,57811,13459,23045,5512,5127,9385,10433,10992,15657,14699,23343,19334,23941,30308,34216,35495,43661,10663,18192,458968,225370,62081,34169,179440,42933,8483,17,12
2021-05-30T23:59:59+02:00,29,32,15376,14283,27432,26079,35153,37779,55712,60933,77483,78829,64244,70159,47444,57776,13455,23035,5410,4936,9058,10066,10583,15173,14252,22545,18810,23172,29633,33503,35269,43467,10641,18131,455999,224924,61648,34089,179393,37457,8176,17,12
2021-05-29T23:59:59+02:00,27,31,14979,13885,26579,25259,33393,36185,54233,59640,76894,78262,64093,70011,47391,57723,13448,23021,5376,4860,8996,9955,10495,15060,14146,22400,18680,23036,29603,33480,35263,43459,10640,18128,445861,224456,61617,34089,179388,36858,8171,17,12
2021-05-28T23:59:59+02:00,23,30,14568,13479,25762,24511,31543,34420,52062,57636,75839,77267,63888,69762,47339,57646,13438,22998,5291,4742,8824,9809,10344,14892,13988,22167,18473,22734,29534,33434,35246,43443,10639,18124,433885,223804,61147,34083,179300,35932,7862,17,12
2021-05-27T23:59:59+02:00,19,26,13943,13009,24699,23789,30299,33494,50458,56263,72746,74288,63450,69226,47204,57484,13414,22944,5177,4502,8496,9474,9947,14467,13551,21537,17975,22139,29315,33230,35137,43331,10617,18096,421749,223180,59195,34012,178676,32678,7118,17,12
2021-05-26T23:59:59+02:00,18,24,13454,12579,23788,23139,29384,32800,49370,55338,69790,71102,62838,68617,47069,57314,13384,22898,5091,4337,8241,9160,9651,14080,13196,20939,17540,21542,29124,33063,35039,43227,10591,18046,410937,222579,57021,33894,178180,29640,6751,17,12
2021-05-25T23:59:59+02:00,18,21,13111,12279,23211,22735,28336,31946,46775,53108,67527,68977,62487,68250,46956,57165,13367,22847,5011,4216,8036,8904,9397,13710,12884,20419,17163,20997,28967,32912,34956,43125,10565,17991,399106,222054,55956,33813,177561,26907,6476,17,12
2021-05-24T23:59:59+02:00,17,20,12813,11998,22710,22353,27720,31497,44155,50677,65077,66791,62180,67952,46846,57040,13334,22792,4938,4111,7787,8674,9083,13333,12558,19910,16778,20441,28824,32774,34882,43054,10543,17946,387463,221493,55474,33750,176898,24270,6120,17,12
2021-05-23T23:59:59+02:00,17,20,12754,11928,22615,22270,27640,31421,43899,50449,64492,66242,62101,67864,46821,57022,13332,22790,4918,4096,7750,8644,9025,13302,12480,19851,16704,20387,28815,32762,34879,43048,10543,17945,385265,221224,55395,33744,176886,24064,6114,17,12
2021-05-22T23:59:59+02:00,17,20,12530,11689,22295,21967,26637,30533,42066,48867,63638,65504,61940,67673,46755,56931,13322,22767,4902,4041,7723,8582,8985,13239,12450,19769,16676,20323,28805,32752,34875,43042,10542,17944,376781,221140,55384,33744,176881,23675,6088,17,12
2021-05-21T23:59:59+02:00,17,19,12225,11436,21725,21529,25829,29849,39681,46979,61668,63841,61680,67402,46671,56843,13307,22742,4883,4013,7669,8495,8918,13153,12372,19675,16603,20239,28789,32727,34868,43032,10540,17943,366395,220945,54325,33731,176691,23225,6015,17,12
2021-05-20T23:59:59+02:00,16,19,11604,10858,20610,20643,24691,28831,38177,45702,59330,61777,60864,66503,46472,56587,13273,22687,4602,3833,7270,8203,8479,12758,11920,19165,16187,19720,28668,32633,34817,42981,10536,17933,355941,220551,51974,33623,175418,20234,5294,17,12
2021-05-19T23:59:59+02:00,16,19,11165,10545,19823,20098,23846,28237,37278,45019,56107,58150,60174,65800,46363,56453,13251,22640,4449,3667,7015,7959,8202,12428,11593,18738,15818,19298,28571,32520,34775,42907,10526,17918,345515,220074,50362,33510,174286,17993,4804,17,12
2021-05-18T23:59:59+02:00,16,19,10833,10259,19249,19647,23207,27681,35881,43796,54705,57028,59807,65379,46234,56291,13226,22615,4342,3542,6770,7727,7945,12146,11361,18343,15473,18870,28487,32431,34745,42868,10522,17911,340166,219793,48524,33433,172816,15904,4350,17,12
2021-05-17T23:59:59+02:00,15,18,10613,10077,18817,19362,22779,27375,34683,42801,53401,55998,59561,65133,46171,56192,13210,22582,4270,3455,6562,7509,7694,11856,11105,17949,15165,18467,28397,32345,34721,42827,10516,17898,336109,219512,47538,33367,171306,14036,3818,17,12
2021-05-16T23:59:59+02:00,15,17,10425,9945,18525,19161,22444,27135,34048,42343,52166,54829,59368,64969,46135,56138,13199,22562,4202,3379,6344,7344,7402,11604,10839,17597,14872,18104,28333,32283,34705,42809,10509,17894,333682,219271,46662,33306,169691,12269,3372,17,11
2021-05-15T23:59:59+02:00,15,17,10327,9844,18374,19015,22276,26995,33663,41974,51772,54454,59252,64821,46087,56093,13196,22546,4161,3344,6260,7279,7308,11501,10737,17478,14764,17975,28239,32165,34614,42716,10505,17889,331291,218182,46661,33305,169556,12250,3196,17,11
2021-05-14T23:59:59+02:00,14,17,10044,9636,17942,18775,21877,26712,31307,40203,49628,52602,59035,64595,46039,56010,13180,22524,4032,3262,5975,7117,7000,11277,10391,17131,14421,17649,27666,31460,34494,42524,10487,17860,322156,214897,46608,33301,168943,12130,2416,17,11
2021-05-13T23:59:59+02:00,14,17,9582,9259,17150,18212,21005,26035,30189,39221,47389,50432,58190,63625,45830,55727,13141,22452,3528,3064,5638,6863,6688,10971,9985,16743,14047,17217,26772,30266,34072,42011,10456,17798,313669,210322,44745,32749,166932,10937,2109,15,11
2021-05-12T23:59:59+02:00,14,17,9289,9068,16718,17956,20537,25751,29661,38835,44391,46793,57616,62986,45746,55615,13123,22427,3387,2976,5409,6752,6410,10826,9703,16535,13809,16954,26128,29449,33907,41816,10430,17764,304516,207304,43921,32726,166640,10769,1453,13,11
2021-05-11T23:59:59+02:00,14,15,8847,8784,15946,17441,19677,25136,27921,37390,42461,45292,57238,62539,45661,55480,13103,22399,3268,2845,5179,6410,6109,10412,9343,15975,13371,16398,24704,27784,33399,41194,10379,17679,299028,201348,40863,32544,164155,9270,1285,13,10
2021-05-10T23:59:59+02:00,14,14,8585,8631,15434,17191,19048,24821,26931,36708,41004,44147,56979,62267,45582,55377,13082,22370,3159,2717,4948,6179,5853,10088,9016,15499,13009,15980,23658,26457,32914,40608,10344,17621,295763,196708,39956,32518,161481,7850,973,12,8
2021-05-09T23:59:59+02:00,14,14,8428,8547,15127,17008,18673,24572,26263,36283,39223,42491,56683,61989,45529,55319,13074,22352,3039,2663,4768,6042,5684,9915,8820,15294,12841,15806,23384,26125,32770,40433,10334,17606,292816,195516,39584,32477,158478,6831,699,12,8
2021-05-08T23:59:59+02:00,14,14,8354,8472,14950,16863,18464,24375,26037,36045,38992,42302,56556,61840,45493,55282,13071,22342,3032,2645,4735,6006,5641,9869,8743,15230,12755,15736,23016,25699,32488,40122,10326,17590,291267,194330,39131,31774,158357,6829,699,12,8
2021-05-07T23:59:59+02:00,13,13,8180,8375,14627,16683,18083,24144,25616,35760,38544,41924,56283,61488,45444,55236,13066,22332,2728,2511,4385,5822,5373,9608,8431,14920,12364,15340,21924,24329,31846,39294,10298,17540,288759,190895,38704,30282,158031,5230,305,12,8
2021-05-06T23:59:59+02:00,12,13,7527,8013,13733,16085,17033,23299,24279,34651,36397,40263,55156,60170,45201,54931,13031,22266,2601,2398,4212,5626,5164,9298,8088,14478,11932,14888,20623,22650,30996,38292,10247,17429,278138,185297,37427,29325,156215,4031,268,12,8
2021-05-05T23:59:59+02:00,10,13,6988,7707,12949,15534,16009,22535,22901,33628,34577,38780,53320,58137,44885,54586,12998,22200,2511,2338,4038,5469,4976,9086,7743,14139,11567,14532,19238,20870,29809,36880,10207,17327,266711,179188,36512,28159,154433,3293,89,12,8
2021-05-04T23:59:59+02:00,10,12,6799,7612,12592,15364,15526,22265,22262,33284,33619,38086,52466,57177,44764,54460,12980,22159,2455,2267,3885,5299,4802,8830,7405,13732,11141,14073,17591,18949,28718,35553,10113,17207,262966,172394,35648,27230,152777,2360,35,11,8
2021-05-03T23:59:59+02:00,10,12,6652,7465,12218,15148,15021,21956,21555,32880,32471,37197,52168,56861,44668,54353,12965,22127,2396,2196,3792,5119,4663,8595,7190,13384,10820,13665,16392,17457,27842,34455,10049,17100,259685,166845,35189,26879,150817,1365,25,11,8
2021-05-02T23:59:59+02:00,10,12,6572,7375,12010,14976,14728,21723,21080,32560,31321,36252,51885,56571,44606,54263,12949,22096,2383,2189,3771,5087,4634,8559,7125,13313,10738,13576,16081,17064,27546,34150,10037,17088,257265,165289,35119,26769,148570,1260,24,11,6
2021-05-01T23:59:59+02:00,10,12,6554,7350,11948,14931,14651,21664,20981,32488,31195,36160,51879,56555,44602,54262,12947,22094,2380,2180,3748,5070,4592,8534,7088,13276,10678,13521,15883,16841,27430,34013,10034,17078,256710,164323,35119,26742,148419,1258,24,11,6
2021-04-30T23:59:59+02:00,10,12,6515,7312,11858,14842,14546,21549,20786,32302,30957,35970,51607,56196,44557,54208,12942,22082,2352,2160,3686,5008,4498,8426,6937,13093,10403,13258,15075,15816,26563,32942,9993,16990,254939,161132,35077,24859,148201,1187,23,11,6
2021-04-29T23:59:59+02:00,10,12,6311,7189,11539,14655,14194,21313,20268,32016,30203,35480,50961,55371,44466,54093,12918,22008,2315,2114,3594,4919,4373,8291,6744,12876,10129,12973,14104,14585,25260,31400,9932,16898,251784,155444,34984,24113,146206,929,22,11,6
2021-04-28T23:59:59+02:00,10,12,6044,7024,11163,14323,13706,20850,19634,31413,29038,34353,48300,52381,44176,53769,12855,21930,2276,2074,3525,4859,4258,8176,6584,12692,9883,12755,12966,13108,23774,29527,9871,16795,241885,149495,34859,22910,144216,709,10,11,6
2021-04-27T23:59:59+02:00,10,12,5942,6932,11014,14203,13507,20689,19357,31202,28479,33969,48095,52161,44120,53719,12847,21908,2234,2040,3434,4765,4165,8067,6419,12508,9605,12479,11758,11547,22123,27375,9795,16650,240527,142697,34812,21726,142806,532,10,11,6
2021-04-26T23:59:59+02:00,10,12,5894,6888,10899,14138,13348,20569,19130,30993,27651,33400,47758,51796,44068,53654,12838,21879,2213,2011,3382,4722,4102,7997,6317,12377,9417,12304,10844,10390,20847,25629,9737,16564,239817,137435,34788,20989,140299,422,10,11,4
2021-04-25T23:59:59+02:00,10,12,5848,6841,10796,14043,13188,20417,18886,30710,26893,32664,47261,51284,43985,53555,12824,21860,2186,2000,3352,4703,4084,7978,6284,12337,9360,12244,10683,10198,20606,25306,9727,16550,238125,136581,34747,20647,138184,363,10,11,4
2021-04-24T23:59:59+02:00,10,12,5827,6793,10721,13959,13092,20276,18755,30536,26731,32486,47161,51161,43892,53461,12820,21855,2179,1990,3328,4676,4045,7932,6212,12264,9230,12127,10526,10017,20474,25175,9711,16532,236667,136059,34731,20007,138129,345,10,11,4
2021-04-23T23:59:59+02:00,10,12,5763,6702,10591,13760,12894,20024,18450,30162,26340,32126,46217,50030,43738,53216,12798,21823,2161,1969,3286,4641,3997,7877,6118,12175,9065,11999,10259,9719,20150,24757,9662,16452,232291,134938,34675,19008,137669,334,10,11,4
2021-04-22T23:59:59+02:00,10,12,5660,6587,10383,13565,12545,19693,17942,29690,25712,31534,44487,47878,43165,52486,12752,21722,2148,1958,3246,4589,3922,7803,5990,12075,8807,11834,9830,9312,19699,24168,9612,16374,226054,132826,34565,18231,135183,302,10,11,4
2021-04-21T23:59:59+02:00,10,11,5564,6449,10154,13363,12217,19381,17440,29196,24997,30805,40222,43019,42690,51950,12686,21618,2136,1949,3211,4553,3867,7745,5912,11982,8632,11674,9501,8929,19200,23580,9553,16279,213970,131188,34499,17228,133282,279,10,11,4
2021-04-20T23:59:59+02:00,10,11,5485,6359,9961,13148,11943,19118,17020,28788,24445,30244,38467,41010,42037,51175,12616,21480,2111,1936,3172,4528,3801,7700,5781,11886,8461,11546,9219,8609,18731,22916,9456,16138,207763,129831,34409,15927,131125,225,10,10,4
2021-04-19T23:59:59+02:00,10,10,5405,6281,9803,13021,11742,18914,16658,28407,23903,29776,36913,39220,41449,50449,12560,21391,2095,1918,3137,4494,3761,7657,5742,11816,8379,11455,8983,8326,18328,22350,9410,16048,202746,128148,34354,15538,128794,205,10,8,4
2021-04-18T23:59:59+02:00,10,9,5343,6230,9673,12938,11544,18777,16380,28209,23500,29465,35608,37858,41101,50043,12528,21329,2083,1902,3108,4473,3735,7641,5697,11770,8328,11406,8883,8235,18175,22162,9397,16025,201214,127662,34315,15150,124998,200,10,8,4
2021-04-17T23:59:59+02:00,10,9,5337,6214,9638,12907,11499,18737,16304,28143,23436,29407,35299,37520,40994,49946,12522,21318,2073,1894,3081,4461,3677,7596,5626,11720,8242,11355,8773,8127,18072,22046,9376,16012,199989,126865,34306,15060,124927,198,10,8,4
2021-04-16T23:59:59+02:00,10,9,5274,6175,9549,12848,11367,18627,16095,27985,23093,29061,34221,36263,40588,49426,12502,21285,1940,1806,2857,4284,3324,7282,4866,11194,6767,10275,6303,6114,16286,20381,9187,15715,195860,117683,34222,10694,124278,196,10,8,4
2021-04-15T23:59:59+02:00,10,9,5207,6085,9349,12678,11071,18379,15599,27592,22403,28463,32324,33946,39547,48217,12426,21121,1895,1774,2792,4220,3209,7163,4649,11014,6394,9965,5844,5719,15697,19697,9001,15387,190048,114577,34171,9646,120189,189,10,8,4
2021-04-14T23:59:59+02:00,10,8,5146,6039,9180,12549,10852,18202,15198,27279,21758,27984,30402,31696,38331,46802,12352,20936,1814,1719,2709,4154,3100,7071,4447,10848,6090,9714,5364,5307,15113,19009,8799,15039,183684,111967,34034,8189,116988,133,10,8,4
2021-04-13T23:59:59+02:00,10,8,5098,5985,9043,12419,10673,18033,14858,27005,21236,27519,28305,29249,37074,45210,12212,20733,1769,1703,2672,4111,3045,7010,4317,10707,5820,9504,5024,5002,14666,18560,8667,14840,176811,110552,33970,6821,113871,36,10,8,4
2021-04-12T23:59:59+02:00,9,8,5037,5937,8934,12282,10471,17885,14539,26725,20696,27063,26267,26982,35918,43746,12085,20536,1736,1660,2643,4092,3019,6957,4257,10640,5716,9404,4864,4858,14368,18191,8556,14641,171104,109717,33896,5843,110102,34,10,8,4
2021-04-11T23:59:59+02:00,9,8,4998,5894,8843,12203,10313,17784,14278,26548,20273,26739,25070,25697,35213,42962,11997,20389,1727,1654,2622,4072,2997,6932,4224,10594,5630,9337,4773,4804,14253,18069,8518,14589,169326,109520,33826,5238,106048,29,10,8,4
2021-04-10T23:59:59+02:00,9,8,4987,5880,8802,12177,10258,17750,14210,26499,20177,26659,24756,25323,34870,42543,11990,20368,1722,1649,2613,4063,2983,6916,4195,10565,5573,9298,4695,4725,14127,17907,8472,14505,168116,108733,33106,5238,106026,29,10,8,4
2021-04-09T23:59:59+02:00,9,8,4941,5850,8717,12099,10136,17627,14042,26324,19917,26418,23925,24172,33920,41339,11957,20295,1694,1619,2559,4028,2911,6854,4044,10452,5322,9073,4276,4351,13567,17195,8246,14141,164769,105067,31598,5231,105314,29,7,8,4
2021-04-08T23:59:59+02:00,9,8,4864,5785,8570,11989,9922,17451,13646,26011,19314,25950,22225,22194,32238,39377,11811,20061,1664,1603,2505,3981,2830,6768,3896,10314,5030,8810,3824,3926,12585,15953,7776,13384,159029,100109,30693,4711,101688,24,7,8,4
2021-04-07T23:59:59+02:00,9,7,4817,5733,8390,11913,9694,17302,13326,25784,18846,25590,20415,20082,30484,37120,11696,19850,1631,1587,2451,3929,2769,6688,3787,10168,4842,8621,3563,3638,11903,15148,7407,12839,152996,96809,29519,4144,98528,13,7,8,4
2021-04-06T23:59:59+02:00,9,7,4770,5688,8246,11801,9533,17138,13009,25519,18329,25205,18563,18021,28569,34633,11501,19508,1597,1568,2429,3903,2736,6651,3722,10124,4762,8532,3456,3515,11427,14504,7127,12433,146175,94513,28563,3956,95296,12,7,8,4
2021-04-05T23:59:59+02:00,9,7,4739,5646,8150,11712,9395,17038,12797,25308,17929,24858,16838,16087,26944,32490,11357,19286,1577,1557,2399,3884,2707,6603,3680,10065,4677,8417,3346,3408,11090,14136,6971,12154,140769,93127,28128,3527,91680,12,7,6,4
2021-04-04T23:59:59+02:00,9,7,4731,5640,8142,11701,9382,17025,12772,25288,17901,24833,16706,15913,26748,32243,11348,19273,1576,1556,2397,3881,2705,6600,3678,10062,4673,8414,3336,3395,11079,14124,6969,12146,140049,93048,28036,3527,91567,12,6,4,4
2021-04-03T23:59:59+02:00,9,7,4727,5632,8128,11693,9362,17005,12733,25257,17823,24771,16626,15824,26703,32186,11343,19266,1573,1554,2388,3873,2687,6586,3654,10034,4591,8359,3218,3280,10997,14050,6963,12136,139522,92400,28008,3527,91555,12,6,4,4
2021-04-02T23:59:59+02:00,9,7,4701,5612,8071,11639,9299,16937,12594,25151,17589,24571,16175,15347,26228,31614,11311,19213,1571,1545,2375,3867,2680,6570,3633,10002,4522,8266,3149,3212,10760,13751,6811,11935,138321,91110,26600,3523,91137,12,6,4,4
2021-04-01T23:59:59+02:00,8,7,4658,5551,7959,11498,9168,16777,12321,24866,17144,24172,15427,14622,25474,30656,11186,19032,1554,1523,2344,3835,2658,6540,3593,9963,4454,8201,3038,3084,9832,12638,6203,11089,136092,87118,25936,3419,88490,10,4,4,4
2021-03-31T23:59:59+02:00,8,7,4449,5471,7849,11376,9028,16612,12103,24590,16793,23807,14731,13860,24642,29649,11081,18840,1545,1518,2330,3815,2632,6512,3545,9914,4384,8131,2948,2994,9262,11943,5840,10594,134299,84701,24482,3194,86107,10,4,4,4
2021-03-30T23:59:59+02:00,8,7,4418,5418,7777,11249,8942,16454,11941,24400,16516,23498,14139,13217,23887,28672,10944,18599,1531,1508,2310,3790,2606,6483,3505,9848,4315,8060,2825,2849,8680,11290,5490,10108,132826,82393,23272,2797,83980,6,4,4,4
2021-03-29T23:59:59+02:00,8,7,4377,5360,7677,11137,8835,16293,11783,24128,16191,23152,13598,12620,23129,27701,10791,18354,1513,1495,2291,3774,2585,6454,3470,9792,4252,7985,2772,2781,8393,10905,5300,9800,130994,81015,22523,2539,81616,6,4,4,4
2021-03-28T23:59:59+02:00,8,7,4343,5275,7592,11030,8758,16141,11648,23898,15933,22879,13274,12311,22563,27011,10617,18075,1504,1490,2269,3760,2571,6425,3430,9742,4214,7929,2724,2730,8316,10801,5257,9735,130495,80677,22005,2212,78855,6,4,4,4
2021-03-27T23:59:59+01:00,8,7,4329,5264,7566,11000,8693,16070,11548,23802,15791,22763,13068,12098,22363,26801,10582,18046,1503,1488,2266,3758,2570,6424,3417,9719,4203,7907,2714,2723,8260,10736,5223,9695,129616,80386,21362,2212,78813,6,4,4,4
2021-03-26T23:59:59+01:00,8,7,4286,5195,7457,10869,8518,15888,11216,23503,15182,22259,12155,11283,21582,25967,10441,17823,1498,1474,2261,3737,2557,6401,3400,9693,4162,7870,2684,2684,8083,10519,5106,9528,125602,79549,19765,2098,78264,6,4,4,4
2021-03-25T23:59:59+01:00,8,6,4227,5036,7296,10591,8275,15485,10834,22882,14544,21562,11486,10624,20717,24901,10129,17288,1478,1460,2229,3711,2523,6362,3363,9645,4092,7789,2550,2546,7111,9272,4501,8624,122344,75383,18992,1864,74548,6,3,4,4
2021-03-24T23:59:59+01:00,8,6,4152,4896,7159,10307,8061,15072,10573,22338,14077,20956,10884,10065,19787,23817,9806,16727,1457,1430,2203,3674,2478,6327,3322,9582,4014,7690,2451,2447,6469,8512,4120,8045,119762,72767,17808,1448,71116,5,1,4,4
2021-03-23T23:59:59+01:00,8,6,4112,4802,7052,10073,7908,14734,10318,21835,13677,20465,10420,9623,19068,22967,9496,16266,1445,1412,2177,3653,2457,6301,3261,9528,3923,7616,2359,2345,5743,7587,3675,7358,118308,69712,16706,1123,67812,5,0,4,4
2021-03-22T23:59:59+01:00,8,6,4060,4722,6925,9832,7749,14414,10062,21371,13329,19968,10029,9267,18505,22257,9309,15926,1436,1405,2168,3639,2445,6285,3238,9505,3894,7583,2298,2294,5291,6984,3328,6869,117426,67620,16309,1036,64000,5,0,4,4
2021-03-21T23:59:59+01:00,8,6,4014,4617,6794,9567,7582,14059,9840,20833,12989,19444,9709,8989,17976,21654,9119,15619,1433,1402,2167,3628,2442,6278,3232,9496,3884,7569,2284,2275,5174,6852,3270,6768,117231,67112,15915,1036,59669,5,0,4,4
2021-03-20T23:59:59+01:00,8,6,4003,4595,6759,9513,7524,13988,9756,20728,12885,19355,9622,8895,17841,21481,9069,15532,1430,1398,2163,3625,2437,6273,3219,9486,3865,7559,2249,2243,4851,6479,3086,6527,116411,65848,15820,1036,59325,5,0,4,4
2021-03-19T23:59:59+01:00,8,6,3829,4454,6469,9261,7083,13566,8844,19999,11160,18028,6780,6557,15615,19288,8717,14971,1426,1394,2158,3619,2425,6260,3207,9462,3815,7513,2182,2202,4482,6007,2824,6212,107159,64178,11124,1004,56348,5,0,4,4
2021-03-18T23:59:59+01:00,8,5,3724,4321,6293,8952,6818,13127,8454,19343,10521,17291,6072,5904,14403,17821,8210,14158,1422,1388,2133,3592,2407,6224,3177,9419,3774,7478,2137,2168,4064,5479,2543,5803,102067,62307,10121,896,53233,4,0,4,4
2021-03-17T23:59:59+01:00,8,5,3647,4247,6161,8808,6652,12949,8160,19033,10122,16899,5667,5521,13588,16891,7817,13583,1412,1376,2117,3573,2377,6192,3146,9391,3737,7442,2081,2109,3658,5033,2294,5420,98843,60591,8441,762,52470,4,0,4,4
2021-03-16T23:59:59+01:00,7,5,3569,4112,6010,8537,6445,12582,7846,18449,9577,16243,5147,5068,12776,15930,7487,13093,1403,1367,2108,3557,2362,6178,3131,9371,3711,7416,2053,2073,3140,4394,1960,4915,96534,58377,7041,758,49304,3,0,4,4
2021-03-15T23:59:59+01:00,7,5,3522,3964,5825,8260,6227,12173,7572,17877,9141,15619,4833,4787,12123,15187,7224,12636,1403,1357,2092,3542,2342,6153,3113,9323,3687,7377,2017,2023,2779,3935,1676,4523,95044,56594,6071,744,45863,3,0,4,4
2021-03-14T23:59:59+01:00,7,5,3476,3832,5598,7931,5942,11729,7267,17158,8680,14868,4520,4515,11833,14931,7179,12537,1396,1351,2076,3513,2327,6103,3095,9265,3670,7338,2010,2012,2701,3828,1624,4439,94926,56195,5466,550,41612,2,0,4,4
2021-03-13T23:59:59+01:00,7,5,3460,3792,5559,7822,5883,11614,7186,17019,8537,14719,4368,4366,11741,14844,7173,12526,1396,1351,2076,3513,2326,6103,3094,9264,3669,7338,2007,2004,2649,3773,1590,4385,94237,55985,5466,550,40914,2,0,4,4
2021-03-12T23:59:59+01:00,7,5,3442,3720,5503,7686,5821,11467,7103,16795,8403,14486,4261,4270,11471,14521,7019,12311,1396,1351,2072,3507,2325,6095,3090,9258,3668,7332,2005,2002,2563,3663,1510,4299,92821,55583,5458,550,40008,2,0,4,4
2021-03-11T23:59:59+01:00,7,5,3364,3525,5295,7388,5590,11049,6765,16130,7973,13849,3926,3936,10400,13266,6372,11410,1391,1348,2062,3494,2306,6070,3067,9224,3645,7300,1976,1977,2325,3402,1360,4081,88655,54508,5042,517,36549,2,0,4,4
2021-03-10T23:59:59+01:00,7,5,3268,3407,5083,7118,5377,10693,6495,15584,7638,13306,3706,3709,9759,12474,5988,10877,1387,1337,2035,3456,2276,5980,3019,9103,3587,7182,1933,1901,2109,3165,1231,3893,86195,53309,4675,282,33620,2,0,4,4
2021-03-09T23:59:59+01:00,6,5,3194,3277,4928,6929,5183,10414,6266,15153,7340,12803,3523,3504,9131,11773,5616,10360,1380,1327,1999,3396,2245,5878,2958,8959,3520,7101,1904,1875,1835,2849,1063,3648,83933,51899,4421,35,31047,2,0,4,4
2021-03-08T23:59:59+01:00,6,5,3128,3118,4702,6664,4946,10061,6007,14642,6978,12215,3324,3312,8744,11330,5419,10048,1377,1309,1985,3318,2214,5785,2919,8814,3487,7008,1889,1853,1635,2618,945,3458,82466,50580,4060,33,28119,0,0,4,4
2021-03-07T23:59:59+01:00,6,5,3096,3059,4628,6552,4863,9948,5902,14479,6863,12070,3274,3270,8661,11225,5381,9981,1371,1304,1978,3306,2206,5758,2912,8775,3475,6989,1881,1841,1579,2551,893,3391,82117,50176,3896,33,27246,0,0,4,4
2021-03-06T23:59:59+01:00,6,5,3082,3001,4584,6462,4829,9885,5844,14365,6815,11961,3250,3247,8605,11159,5347,9938,1369,1291,1973,3292,2194,5731,2909,8747,3464,6970,1873,1817,1552,2527,888,3382,81801,49945,3896,33,26684,0,0,4,4
2021-03-05T23:59:59+01:00,6,5,3058,2908,4526,6353,4767,9786,5781,14214,6715,11808,3207,3192,8421,10929,5228,9766,1360,1258,1943,3237,2170,5624,2867,8613,3420,6832,1830,1772,1488,2456,866,3356,80904,49058,3888,33,25874,0,0,4,4
2021-03-04T23:59:59+01:00,4,5,3005,2715,4367,6115,4549,9476,5575,13794,6404,11419,3029,3016,7407,9641,4610,8854,1340,1208,1905,3114,2140,5441,2821,8337,3364,6600,1760,1682,1452,2408,862,3338,76765,47739,3618,32,23598,0,0,4,4
2021-03-03T23:59:59+01:00,3,5,2966,2643,4226,5924,4384,9209,5373,13416,6151,10999,2908,2886,6763,8872,4217,8252,1328,1170,1878,3042,2118,5332,2789,8161,3311,6443,1691,1638,1411,2338,842,3285,74057,46745,3389,32,21747,0,0,4,3
2021-03-02T23:59:59+01:00,3,5,2905,2554,4042,5708,4176,8937,5176,13041,5883,10625,2762,2729,5997,7908,3755,7547,1295,1127,1851,2970,2094,5194,2740,7889,3262,6245,1620,1578,1347,2259,822,3242,70902,45503,2943,32,19904,0,0,4,3
2021-03-01T23:59:59+01:00,3,4,2865,2492,3876,5557,3989,8717,4988,12719,5645,10238,2662,2615,5508,7254,3403,7043,1289,1091,1828,2869,2067,5002,2700,7639,3203,6009,1577,1542,1299,2200,796,3203,68754,44282,2645,32,18175,0,0,4,3
2021-02-28T23:59:59+01:00,3,4,2824,2443,3718,5439,3769,8528,4805,12469,5458,9934,2605,2543,5385,7098,3341,6942,1285,1086,1824,2855,2058,4978,2693,7603,3193,5992,1569,1535,1293,2191,794,3193,68278,44111,2427,31,16599,0,0,4,3
2021-02-27T23:59:59+01:00,3,3,2809,2378,3692,5359,3735,8459,4771,12379,5423,9861,2564,2509,5056,6711,3145,6692,1278,1078,1817,2843,2045,4943,2674,7538,3177,5936,1551,1526,1287,2180,791,3192,66972,43826,2427,30,16146,0,0,4,3
2021-02-26T23:59:59+01:00,3,3,2789,2337,3652,5275,3670,8357,4710,12271,5338,9773,2488,2456,4679,6230,2876,6369,1219,1028,1767,2734,1996,4762,2620,7264,3104,5725,1490,1475,1264,2158,777,3183,65181,42538,2302,29,15789,0,0,4,2
2021-02-25T23:59:59+01:00,3,3,2615,2228,3468,5094,3488,8134,4507,11985,5120,9499,2401,2391,4230,5678,2588,5948,1203,971,1736,2626,1943,4489,2549,6870,3010,5439,1446,1432,1244,2143,775,3174,63325,41026,1980,26,14071,0,0,4,1
2021-02-24T23:59:59+01:00,3,3,2460,2090,3278,4902,3340,7928,4310,11731,4901,9251,2264,2272,3777,5168,2331,5555,1188,942,1713,2540,1909,4350,2489,6614,2958,5233,1415,1401,1226,2123,771,3155,61562,40010,1511,18,12487,0,0,4,1
2021-02-23T23:59:59+01:00,3,3,2323,1952,3100,4674,3185,7697,4139,11458,4719,9005,2178,2178,3224,4503,1993,5043,1174,894,1682,2445,1870,4157,2421,6315,2860,4973,1358,1346,1197,2080,758,3130,59363,38647,1164,14,10846,0,0,4,1
2021-02-22T23:59:59+01:00,3,3,2283,1901,3015,4581,3115,7589,4045,11272,4612,8880,2128,2137,2860,4042,1707,4657,1162,835,1650,2319,1827,3912,2345,5921,2735,4675,1296,1291,1174,2047,752,3109,57693,37047,1080,4,10053,0,0,4,1
2021-02-21T23:59:59+01:00,3,3,2247,1869,2964,4512,3033,7475,3964,11126,4546,8763,2114,2114,2776,3928,1652,4569,1158,817,1633,2266,1802,3803,2312,5766,2672,4551,1264,1268,1164,2033,745,3096,57262,36347,1047,4,9345,0,0,4,1
2021-02-20T23:59:59+01:00,3,3,2236,1866,2942,4499,3017,7439,3938,11093,4525,8742,2111,2106,2722,3871,1617,4514,1158,814,1633,2264,1801,3794,2311,5761,2671,4547,1263,1265,1163,2030,744,3095,57047,36311,1046,4,9147,0,0,4,1
2021-02-19T23:59:59+01:00,2,3,2224,1853,2906,4447,2992,7351,3893,11011,4471,8679,2103,2100,2634,3758,1537,4421,1106,805,1594,2256,1791,3785,2301,5740,2662,4535,1257,1254,1152,2025,739,3088,56635,36087,1015,4,8731,0,0,4,1
2021-02-18T23:59:59+01:00,2,3,2092,1757,2749,4263,2868,7152,3756,10724,4332,8476,2071,2066,2394,3493,1385,4199,1027,770,1519,2158,1742,3663,2229,5582,2606,4448,1243,1234,1147,2011,729,3070,55580,35175,948,4,7250,0,0,4,1
2021-02-17T23:59:59+01:00,2,3,2048,1708,2657,4129,2759,6938,3603,10383,4191,8234,2014,1983,2175,3264,1261,4012,873,707,1410,2033,1667,3473,2135,5358,2533,4277,1209,1189,1122,1966,714,3030,54518,33694,803,3,6039,0,0,4,1
2021-02-16T23:59:59+01:00,2,3,1875,1595,2483,3922,2620,6663,3442,10029,4015,7927,1970,1956,1900,2945,1091,3760,846,685,1338,1958,1599,3331,2040,5187,2436,4146,1148,1142,1064,1876,682,2937,53191,32414,767,2,4236,0,0,4,1
2021-02-15T23:59:59+01:00,2,3,1841,1540,2395,3753,2542,6390,3319,9662,3900,7658,1944,1928,1685,2707,970,3574,828,672,1309,1912,1558,3263,1985,5015,2373,4046,1083,1102,1000,1786,663,2844,52098,31439,754,1,2957,0,0,4,1
2021-02-14T23:59:59+01:00,2,3,1752,1509,2350,3691,2500,6300,3249,9559,3854,7580,1933,1918,1628,2648,920,3515,813,662,1292,1887,1531,3240,1951,4975,2348,3991,1073,1093,993,1776,660,2832,51766,31117,725,1,2416,0,0,4,1
2021-02-13T23:59:59+01:00,2,3,1751,1497,2340,3684,2494,6286,3245,9543,3847,7570,1925,1898,1605,2628,917,3505,813,662,1292,1887,1531,3240,1951,4975,2348,3991,1073,1093,993,1776,660,2832,51612,31117,725,1,2399,0,0,4,1
2021-02-12T23:59:59+01:00,2,3,1671,1411,2241,3572,2414,6112,3140,9305,3725,7305,1878,1841,1542,2556,894,3478,807,655,1280,1866,1516,3221,1943,4944,2332,3971,1068,1088,992,1757,660,2802,50672,30902,725,1,1689,0,0,4,1
2021-02-11T23:59:59+01:00,2,3,1468,1273,2058,3357,2286,5820,2988,8873,3566,6959,1806,1739,1500,2496,880,3456,779,604,1186,1687,1391,2947,1804,4585,2169,3685,1018,1027,951,1686,627,2671,49280,28817,684,1,562,0,0,4,1
2021-02-10T23:59:59+01:00,2,3,1372,1224,1970,3230,2218,5648,2906,8596,3454,6728,1735,1691,1455,2429,864,3399,565,520,964,1462,1252,2639,1619,4123,1966,3307,901,900,830,1435,548,2355,48115,25387,644,0,161,0,0,4,1
2021-02-09T23:59:59+01:00,2,3,1337,1174,1933,3138,2191,5468,2839,8254,3384,6470,1662,1629,1394,2369,847,3362,302,383,746,1199,1065,2264,1409,3587,1718,2855,733,736,662,1148,438,1909,46858,21155,515,0,80,0,0,3,1
2021-02-08T23:59:59+01:00,2,3,1330,1139,1902,3018,2153,5246,2787,7973,3325,6234,1621,1595,1349,2314,831,3342,266,342,644,1044,959,2046,1249,3197,1521,2539,630,617,558,969,381,1659,45738,18622,344,0,79,0,0,3,1
2021-02-07T23:59:59+01:00,2,3,1303,1123,1873,2966,2128,5164,2758,7870,3283,6169,1605,1579,1334,2295,820,3327,232,286,596,954,899,1891,1157,2972,1424,2367,590,597,537,936,371,1630,45456,17441,143,0,0,0,0,3,0
2021-02-06T23:59:59+01:00,2,3,1298,1117,1867,2954,2119,5136,2745,7826,3272,6124,1592,1571,1329,2285,817,3326,213,252,574,917,871,1825,1115,2855,1367,2285,574,579,530,936,371,1630,45237,16896,143,0,0,0,0,3,0
2021-02-05T23:59:59+01:00,2,3,1237,1065,1818,2843,2067,4940,2686,7530,3195,5908,1529,1517,1310,2259,809,3319,197,223,539,870,837,1746,1076,2738,1314,2186,540,555,519,912,361,1605,43891,16220,143,0,0,0,0,3,0
2021-02-04T23:59:59+01:00,2,3,1225,1001,1777,2694,1996,4629,2603,7086,3095,5582,1484,1484,1292,2243,806,3311,169,169,466,753,738,1607,966,2500,1202,1971,493,503,476,858,343,1492,42276,14708,35,0,0,0,0,2,0
2021-02-03T23:59:59+01:00,2,3,1207,972,1746,2613,1957,4483,2536,6824,3043,5364,1447,1451,1263,2208,788,3282,138,140,393,641,622,1371,821,2122,1005,1685,378,369,341,644,240,1131,41152,12043,35,0,0,0,0,2,0
2021-02-02T23:59:59+01:00,2,3,1190,916,1714,2513,1914,4260,2462,6492,2936,5090,1394,1405,1240,2178,779,3258,117,116,316,520,519,1136,677,1792,815,1377,280,269,263,472,188,847,39709,9706,35,0,0,0,0,2,0
2021-02-01T23:59:59+01:00,1,3,1177,856,1679,2388,1864,4014,2385,6099,2817,4794,1327,1323,1209,2132,768,3233,84,76,216,349,346,741,429,1155,478,858,174,164,152,279,100,494,38032,6095,35,0,0,0,0,2,0
2021-01-31T23:59:59+01:00,1,3,1172,838,1662,2330,1840,3891,2353,5916,2750,4675,1296,1300,1198,2117,761,3221,73,70,183,279,269,575,340,902,396,691,148,148,144,271,96,480,37290,5065,32,0,0,0,0,2,0
2021-01-30T23:59:59+01:00,1,3,1172,835,1661,2325,1838,3880,2351,5905,2747,4665,1295,1296,1197,2116,761,3220,69,63,151,232,241,507,305,784,353,616,147,141,139,267,96,479,37235,4590,31,0,0,0,0,2,0
2021-01-29T23:59:59+01:00,1,3,1119,826,1622,2318,1827,3873,2343,5891,2739,4653,1291,1293,1193,2116,761,3220,61,45,114,177,197,353,248,635,309,488,136,132,127,256,93,479,37059,3850,29,0,0,0,0,1,0
2021-01-28T23:59:59+01:00,1,3,1044,801,1564,2258,1794,3804,2296,5820,2706,4599,1279,1281,1186,2110,752,3206,39,20,72,105,128,206,153,380,201,291,103,101,102,205,83,432,36477,2621,26,0,0,0,0,1,0
2021-01-27T23:59:59+01:00,1,3,894,750,1473,2183,1727,3689,2224,5690,2648,4474,1251,1237,1162,2071,740,3174,28,12,62,86,103,162,121,323,174,247,95,84,91,186,79,401,35373,2254,17,0,0,0,0,1,0
2021-01-26T23:59:59+01:00,1,3,880,731,1408,2109,1664,3559,2137,5518,2560,4363,1196,1197,1116,2000,716,3125,27,11,59,83,99,156,117,309,173,237,93,79,84,165,68,355,34271,2115,11,0,0,0,0,1,0
2021-01-25T23:59:59+01:00,1,3,867,710,1376,2049,1633,3462,2092,5352,2503,4273,1145,1172,1069,1943,698,3066,25,11,56,83,96,154,116,307,172,237,92,78,83,164,66,352,33411,2092,2,0,0,0,0,1,0
2021-01-24T23:59:59+01:00,1,3,864,709,1370,2038,1628,3445,2084,5326,2492,4241,1141,1166,1064,1936,697,3061,25,11,56,83,95,153,116,307,172,236,92,78,83,164,66,352,33263,2089,2,0,0,0,0,1,0
2021-01-23T23:59:59+01:00,1,3,864,709,1370,2038,1628,3445,2084,5326,2492,4241,1141,1166,1064,1936,697,3061,25,11,56,83,95,153,116,307,171,236,92,78,83,164,66,352,33263,2088,2,0,0,0,0,1,0
2021-01-22T23:59:59+01:00,1,3,864,699,1356,2016,1612,3421,2071,5292,2476,4221,1139,1161,1063,1913,696,3028,25,11,56,83,95,153,116,307,170,236,92,78,83,164,66,352,33029,2087,2,0,0,0,0,1,0
2021-01-21T23:59:59+01:00,1,3,833,662,1279,1861,1513,3231,1974,5020,2368,4023,1099,1102,1032,1833,658,2901,23,10,52,78,87,145,106,278,156,213,79,70,74,144,54,300,31390,1869,2,0,0,0,0,1,0
2021-01-20T23:59:59+01:00,1,3,630,563,1085,1643,1378,2957,1797,4615,2165,3686,974,984,914,1604,593,2631,21,10,51,74,84,144,99,265,145,194,69,64,69,122,45,268,28220,1724,2,0,0,0,0,1,0
2021-01-19T23:59:59+01:00,1,3,343,417,834,1386,1177,2618,1562,4088,1905,3237,807,816,750,1331,495,2226,17,7,36,52,55,78,73,178,101,131,52,49,48,91,34,207,23994,1209,1,0,0,0,0,1,0
2021-01-18T23:59:59+01:00,1,3,300,376,722,1198,1055,2364,1370,3591,1666,2857,679,667,605,1087,421,1841,7,3,11,17,19,27,24,50,25,46,12,11,13,33,7,61,20802,366,0,0,0,0,0,1,0
2021-01-17T23:59:59+01:00,1,3,259,321,656,1104,977,2193,1273,3316,1551,2646,634,638,578,1031,400,1783,0,0,1,0,2,2,2,1,2,2,1,4,1,0,0,1,19364,19,0,0,0,0,0,0,0
2021-01-16T23:59:59+01:00,1,3,242,289,640,1071,953,2130,1232,3206,1500,2573,618,621,571,1031,400,1782,0,0,0,0,1,2,1,1,1,2,0,1,1,0,0,1,18863,11,0,0,0,0,0,0,0
2021-01-15T23:59:59+01:00,1,3,227,256,611,1024,926,2052,1197,3090,1448,2477,587,595,564,1010,393,1770,0,0,0,0,0,0,0,0,0,0,0,0,0,0,0,0,18231,0,0,0,0,0,0,0,0
2021-01-14T23:59:59+01:00,1,2,197,204,551,902,837,1909,1104,2867,1333,2294,543,552,526,966,387,1728,0,0,0,0,0,0,0,0,0,0,0,0,0,0,0,0,16903,0,0,0,0,0,0,0,0
2021-01-13T23:59:59+01:00,1,2,165,185,502,833,765,1783,1006,2634,1179,2072,430,435,399,761,289,1331,0,0,0,0,0,0,0,0,0,0,0,0,0,0,0,0,14772,0,0,0,0,0,0,0,0
2021-01-12T23:59:59+01:00,1,2,143,164,471,764,715,1628,917,2432,1072,1840,341,327,308,541,207,943,0,0,0,0,0,0,0,0,0,0,0,0,0,0,0,0,12816,0,0,0,0,0,0,0,0
2021-01-11T23:59:59+01:00,0,1,114,127,395,634,625,1375,753,1974,845,1454,211,190,169,313,109,546,0,0,0,0,0,0,0,0,0,0,0,0,0,0,0,0,9835,0,0,0,0,0,0,0,0
2021-01-10T23:59:59+01:00,0,1,88,92,305,458,470,995,546,1447,621,1058,174,167,157,300,104,533,0,0,0,0,0,0,0,0,0,0,0,0,0,0,0,0,7516,0,0,0,0,0,0,0,0
2021-01-09T23:59:59+01:00,0,1,77,84,259,395,400,863,479,1230,545,900,167,157,152,295,104,531,0,0,0,0,0,0,0,0,0,0,0,0,0,0,0,0,6639,0,0,0,0,0,0,0,0
2021-01-08T23:59:59+01:00,0,1,64,64,186,287,303,584,364,932,439,681,159,152,136,283,102,531,0,0,0,0,0,0,0,0,0,0,0,0,0,0,0,0,5268,0,0,0,0,0,0,0,0
2021-01-07T23:59:59+01:00,0,0,45,24,78,121,136,230,163,419,222,339,116,121,123,251,98,504,0,0,0,0,0,0,0,0,0,0,0,0,0,0,0,0,2990,0,0,0,0,0,0,0,0
2021-01-06T23:59:59+01:00,0,0,31,17,69,92,115,180,135,342,193,275,97,93,97,205,83,429,0,0,0,0,0,0,0,0,0,0,0,0,0,0,0,0,2453,0,0,0,0,0,0,0,0
2021-01-05T23:59:59+01:00,0,0,28,12,59,87,105,166,120,327,179,253,96,88,95,198,81,411,0,0,0,0,0,0,0,0,0,0,0,0,0,0,0,0,2305,0,0,0,0,0,0,0,0
2021-01-04T23:59:59+01:00,0,0,25,11,56,84,97,157,115,312,177,241,95,85,88,184,71,380,0,0,0,0,0,0,0,0,0,0,0,0,0,0,0,0,2178,0,0,0,0,0,0,0,0
2021-01-03T23:59:59+01:00,0,0,25,11,56,84,97,157,115,312,177,241,95,85,87,183,71,380,0,0,0,0,0,0,0,0,0,0,0,0,0,0,0,0,2176,0,0,0,0,0,0,0,0
2021-01-02T23:59:59+01:00,0,0,25,11,56,84,97,157,115,312,176,241,95,85,87,183,71,380,0,0,0,0,0,0,0,0,0,0,0,0,0,0,0,0,2175,0,0,0,0,0,0,0,0
2021-01-01T23:59:59+01:00,0,0,25,11,56,84,97,157,115,312,174,240,95,85,87,183,71,380,0,0,0,0,0,0,0,0,0,0,0,0,0,0,0,0,2172,0,0,0,0,0,0,0,0
2020-12-31T23:59:59+01:00,0,0,25,11,56,84,97,157,115,312,174,240,95,85,87,183,71,380,0,0,0,0,0,0,0,0,0,0,0,0,0,0,0,0,2172,0,0,0,0,0,0,0,0
2020-12-30T23:59:59+01:00,0,0,24,11,56,83,96,154,115,311,174,240,95,85,87,183,71,380,0,0,0,0,0,0,0,0,0,0,0,0,0,0,0,0,2165,0,0,0,0,0,0,0,0
2020-12-29T23:59:59+01:00,0,0,18,8,41,59,73,91,85,216,127,188,73,73,65,151,56,304,0,0,0,0,0,0,0,0,0,0,0,0,0,0,0,0,1628,0,0,0,0,0,0,0,0
2020-12-28T23:59:59+01:00,0,0,8,5,17,28,31,45,39,111,53,101,30,40,37,91,29,175,0,0,0,0,0,0,0,0,0,0,0,0,0,0,0,0,840,0,0,0,0,0,0,0,0
2020-12-27T23:59:59+01:00,0,0,2,2,4,5,7,11,10,23,6,22,5,7,6,25,3,48,0,0,0,0,0,0,0,0,0,0,0,0,0,0,0,0,186,0,0,0,0,0,0,0,0
